archivo,dept,mun,zona,stand,mesa,texto_p1,ocr_ok,numeros_detectados,potencial_mesa,total_sufragantes,votos_cepeda,votos_claudia,votos_botero,votos_espriella,votos_lizcano,votos_uribe_l,votos_sondra,votos_barreras,votos_caicedo,votos_matamoros,votos_paloma,votos_fajardo,votos_murillo,suma_candidatos_detectados,candidatos_detectados,hubo_recuento
001.pdf,60,001,01,01,001,"— OORE NENO NNTN - | 710093302010103 Ver: 01 Pag: 1 de 3 | E!' E E ACTA DE ESCRUTINIO DE LOS m I . N JURADOS DE VOTACIÓN - | — wº£%_ DELEGADOS M EE ELECCIÓN PRESIDENCIA Y ""A m DI VICEPRESIDENCIA DE LA REPUBLICA — . E E as V MAYO 31 DE 2026 REGISTRADURÍA DEPARTAMENTO: 60 - AMAZONAS | MUNICIPIO: 001 - LETICIA ZONA: 01 PUESTO: 01 MESA: 001 LUGAR: IE INEM JOSE EUSTACIO RIVERA X 65-79-03-18 X l NIVELAC",True,78,,9330,2,,,1,,,7,,10,,,13,0,33,6,S
002.pdf,60,001,01,01,002,"- NANINIINMNNMDINDA — | 710093312010103 Ver: 01 Pag: 1 de 3 E — '¡E ACTA DE ESCRUTINIO DE LOS m — , _ JURADOS DE VOTACIÓN | m : ELECCIÓN PRESIDENCIA Y - »P - Eal e Be VICEPRESIDENCIA DE LA REPÚBLICA — [E] h MAYO 31 DE 2026 REGISTRADURÍA DEPARTAMENTO: 60 - AMAZONAS MUNICIPIO: 001 - LETICIA ZONA: 01 PUESTO: 01 MESA: 002 LUGAR: IE 1INEM JOSE EUSTACIO RIVERA X 4-00-58-14 X NIVELACIÓN DE LA MESA 1427 4",True,78,1427,4,2,3,,,,,,,,,12,13,4,34,5,S
003.pdf,60,001,01,01,003,"— | ' 710093322010103 Ver: 01 Pag: 1 de 3 | E"" uN E ACTA DE ESCRUTINIO DE LOS m — _j¡._—; - JURADOS DE VOTACIÓN . + ELECCIÓN PRESIDENCIA Y * EL VICEPRESIDENCIA DE LA REPUBLICA ' , [ MAYO 31 DE 2026 REGISTRADURÍA DEPARTAMENTO: 60 - AMAZONAS | MUNICIPIO: 001 - LETICIA ZONA: 01 PUESTO: 01 MESA: 003 l LUGAR: IE INEM JOSE EUSTACIO RIVERA X 6-91-13-12 X NIVELACIÓN DE LA MESA EA A u n - CANDIDATO AGRUPAC",True,79,,4,7485,,4,,5,,,,10,,,13,,7517,5,S
004.pdf,60,001,01,01,004,"- EO ENO ENE DI n E"" .|.¡_l . E| ACTA DE ESCRUTINIO DE LOS m — 'º,p:.ú.'¿,'.. JURADS DE YOTACIÓN ""A DELEGADOS _. « E E ELECCIÓN PRESIDENCIA Y - , r = VICEPRESIDENCIA DE LA REPUBLICA a E_ "", MAYO 31 DE 2026 REGISTRADURÍA DEPARTAMENTO: 60 - AMAZONAS MUNICIPIO: 001 - LETICIA ZONA: 01 PUESTO: 01 MESA: 004 LUGAR: lE INEM JOSE EUSTACIO RIVERA X 4-37-01-18 X NIVELACIÓN DE LA MESA 118 CANDIDATO AGRUPACIÓN",True,82,118,1,0,5,,,2,,,,0,,,13,1,21,6,S
005.pdf,60,001,01,01,005,"— INO AMDANENED — | 710093342010103 Ver: 01 Pag: 1 de 3 E E E ACTA DE ESCRUTINIO DE LOS m : 'F'_-CE'.'J=' JURADOS DE VOTACIÓN ' ""1% . ELECCIÓN PRESIDENCIA Y _' = I¡_ VICEPRESIDENCIA DE LA REPUBLICA =—— , E_ “ EE del MAYO 31 DE 2026 REGISTRADURÍA DEPARTAMENTO: 60 - AMAZONAS MUNICIPIO: 001 - LETICIA ZONA: 01 PUESTO: 01 MESA: 005 LUGAR: IE INEM JOSE EUSTACIO RIVERA X 8-41-78-14 X NIVELACIÓN DE LA MES",True,76,,5,8,,1,,,,,9,0,,,,97,115,5,S
006.pdf,60,001,01,01,006,"- TEOOO VO - | 710093352010103 Ver: 01 Pag: 4 de 3 | [m] ; ke (m] - ACTADE ESCRUTINIO DE LOS m — JURADOS DE VOTACIÓN ""E _ "" ELECCIÓN PRESIDENCIA Y Ad VICEPRESIDENCIA DE LA REPÚBLICA [ E IT LEJA, MAYO 31 DE 2026 REGISTRADURÍA DEPARTAMENTO;: 60 - AMAZONAS MUNICIPIO: 001 - LETICIA | ZONA: 01 PUESTO: 01 MESA: 006 | LUGAR: IE INEM JOSE EUSTACIO RIVERA X 6-92-04-18 X | | NIVELACIÓN DE LA MESA a. 3T CAND",True,74,,5,0,3,4,,,,,,10,,,13,,30,5,S
007.pdf,60,001,01,01,007,"- ENEOOO - 710093362010103 Ver: 01 Pag: 1 de 3 E E E ACTA DE ESCRUTINIO DE LOS m as ia ee - JURADOSDE VOTACIÓN I1_ , m —.-:E!¡ H — DELEGADOS - AE ELECCIÓN PRESIDENCIA Y -.'|.-I""L':¡n L VICEPRESIDENCIA DE LA REPÚBLICA — E e C MAYO 31 DE 2026 REGISTRADURÍA - DEPARTAMENTO: 60 - AMAZONAS MUNICIPIO: 001 - LETICIA ZONA: 01 PUESTO: 01 MESA: 907 LUGAR: IE INEM JOSE EUSTACIO RIVERA | X 8-71-11-13 X | NIVEL",True,86,130,4,2,,4,,,,,97,,,,13,2,118,5,S
008.pdf,60,001,01,01,008,"- ENOO NP N 710093372010103 Ver: 01 Pag: 1 de 3 E' , E ACTA DE ESCRUTINIO DE LOS m E | '“""'=E"" JURADOS DE VOTACIÓN _ ¡H'¡:£i':'f ELECCIÓN PRESIDENCIA Y ' - -'-I""' -El E VICEPRESIDENCIA DE LA REPUBLICA — . | Eu EA MAYO 31 DE 2026 REGISTRADURÍA DEPARTAMENTO: 60 - AMAZONAS | MUNICIPIO: 001 - LETICIA | ZONA: 01 PUESTO: 01 MESA: 008 LUGAR: IE INEM JOSE EUSTACIO RIVERA X 7-94-03-12 X | NIVELACIÓN DE LA ",True,87,,2,2,3,,,,,,,10,29,12,13,,69,6,S
009.pdf,60,001,01,01,009,"_ CENOOO DDOOO TNA - [ 710093382010103 Ver: 01 Pag: 1 de 3 | E . N E ACTA DE ESCRUTINIO DE LOS m | ! '£i""=_"""""" - JURADOS DE VOTACIÓN — E . — J ELECCIÓN PRESIDENCIA Y | J'I?"".""=n- VICEPRESIDENCIA DE LA REPÚBLICA — | E de y n MAYO 31 DE 2026 REGISTRADURÍA | DEPARTAMENTO: 60 - AMAZONAS | MUNICIPIO: 001 - LETICIA | ZONA: 01 PUESTO: 01 MESA: 009 | LUGAR: IE INEM JOSE EUSTACIO RIVERA | X 2-39-604-16 X |",True,75,,9338,2,3,,,,,,,,,,13,4,22,4,S
010.pdf,60,001,01,01,010,"- TEOOOO - 710093392010103 Ver: 01 Pag: 1 de 3 E|f. E ACTA DE ESCRUTINIO DE LOS m T TH JURADOS DE VOTACIÓN ea - DELEGADOS - r ELECCIÓN PRESIDENCIA Y S y- ' :""% ""Ls VICEPRESIDENCIA DE LA REPUBLICA —  . E ae : MAYO 31 DE 2026 REGISTRADURÍA DEPARTAMENTO: 60 - AMAZONAS , MUNICIPIO: 001 - LETICIA ZONA: 01 PUESTO: 01 MESA: 010 LUGAR: IE INEM JOSE EUSTACIO RIVERA  X 7-90-43-12 X NIVELACIÓN DE LA MESA 2 1",True,82,,2,2,,5,,6,,,,10,,12,13,2,50,7,S
011.pdf,60,001,01,01,011,"- OOOEO UO DO DO - 710093402010103 Ver: 01 Pag: 1 de 3 E =_ :í 1 E ACTA DE ESCRUTINIO DE LOS m T j&, ME — JURADOSDEVOTACIÓN r :l$¡ =. ELECCIÓN-PRESIDENCIA Y | m "" PE VICEPRESIDENCIA DE LA REPÚBLICA [ | E]_ . ld MAYO 31 DE 2026 REGISTRADURÍA DEPARTAMENTO: 60 - AMAZONAS - MUNICIPIO: 001 - LETICIA ZONA: 01 PUESTO: 01 MESA: 011 | LUGAR: IE INEM JOSE EUSTACIO RIVERA | X d4-95-15-17 X NIVELACIÓN DE LA M",True,88,247,2,2,,7,1,5,,,,10,,,,2,27,6,S
012.pdf,60,001,01,01,012,"_ CDO TU NAAO "" EF-"" E ACTA DE ESCRUTINIO DE LOS m - . JURADOS DE VOTACIÓN - E ELECCIÓN PRESID'¿NCIA Y VICEPRESIDENCIA DE LA REPUBLICA T [m] 3.¡$5 MAYO 31 DE 2026 REGISTRADURÍA | DEPARTAMENTO: 60 - AMAZONAS MUNICIPIO; 001 - LETICIA ZONA: 01 PUESTO: 01 MESA: 012 LUGAR: IE INEM JOSE EUSTACIO RIVERA | X 6-76-34-15 X NIVELACIÓN DE LA MESA 1 4 6 .r CANDIDATO AGRUPACIÓN VOTACIÓN HISTÓRICO 1 u * + 2 IVÁN",True,78,,19,,,,,6,,,9,,,12,13,2,42,5,S
013.pdf,60,001,01,01,013,"_ DIO DO - 710093422010103 Ver: 01 Pag: 1 de 3 E _1: E ACTA DE ESCRUTINIO DE LOS m - N =. JN JURADOS DE VOTACIÓN * H':-E£¡.- T ELECCIÓN PRESIDENCIA Y | o ' El ' VICEPRESIDENCIA DE LA REPUBLICA — E_ , "" Fe MAYO 31 DE 2026 REGIE&“—;E£%& DEPARTAMENTO: 60 - AMAZONAS MUNICIPIO: 001 - LETICIA ZONA: 01 PUESTO: 01 MESA: 013 LUGAR: IE INEM JOSE EUSTACIO RIVERA | X 3-28-08-19 X NIVELACIÓN DE LA MESA 169 193",True,87,169,1,2,,,5,6,,,,15,,,13,1,42,6,S
014.pdf,60,001,01,01,014,"_ TA ANOO - 710093432010103 Ver: 01 Pag: 1 de 3 | E""'-' a. E ACTA DE ESCRUTINIO DE LOS m — JURADOS DE VOTACIÓN ___ .*'|""E ; ELECCIÓN PRESIDENCIA Y ""1 . El VICEPRESIDENCIA DE LA REPUBLICA , | E a MAYO 31 DE 2026 REGISTRADURIA f DEPARTAMENTO: 60 - AMAZONAS MUNICIPIO: 001 - LETICIA ZONA: 01 PUESTO: 01 MESA: 014 | LUGAR: IE INEM JOSEÉ EUSTACIO RIVERA | X 2-41-36-19 X | NIVELACIÓN DE LA MESA — 122 122 ",True,84,122,9,2,3,,9,5,,,,1,,,13,,33,6,S
015.pdf,60,001,01,01,015,"_ AEEOOO MENO - 710093442010103 Ver: 01 Pag: 1 de 3 E€ + E ACTA DE ESCRUTINIO DE LOS m pO A — JURADOSDE VOTACIÓN "", E | l _ !:FE. , ELECCIÓN PRESIDENCIA Y . NE VICEPRESIDENCIA DE LA REPÚBLICA E— [m] e MAYO 31 DE 2026 REGISTRADURÍA | DEPARTAMENTO: 60 - AMAZONAS MUNICIPIO: 001 - LETICIA ZONA: 01 PUESTO: 01 MESA: 015 - LUGAR: IE INEM JOSE EUSTACIO RIVERA X B5-95-91-18 X | NIVELACIÓN DE LA MESA | TOTA",True,82,,9,2,,6,4,9,,,,10,,12,13,,56,7,S
016.pdf,60,001,01,01,016,"- TE DL IVOOO DYO N 710093452010103 Ver: 01 Pag: 1 de 3 E a! '.:;E| ACTA DE ESCRUTINIO DE LOS m — .l_¡'E ' JURADOS DE VOTACIÓN N "", p TEO ELECCIÓN PRESIDENCIA Y | , PA -""Lal- l"" VICEPRESIDENCIA DE LA REPÚBLICA — E - E MAYO 31 DE 2026 REGISTRADURÍA | DEPARTAMENTO: 60 - AMAZONAS MUNICIPIO: 001 - LETICIA ZONA: 01 PUESTO: 01 MESA: 016 | LUGAR: IE INEM JOSE EUSTACIO RIVERA X 4-50-68-18 X . NIVELACIÓN D",True,81,,4,2,,,,4,,,,10,,12,,5,33,5,S
017.pdf,60,001,01,01,017,"R AEOOO ENNNO - 7100934620910103 Ver: 01 Pag: 1 de 3 E . H-- E ACTA DE ESCRUTINIO DE LOS m :|_'F-l'i.p_¡-_'¿¡_.¡ : JURADOS DE VOTACIÓN A DELEGADOS — aA ELECCIÓN PRESIDENCIA Y aE VICEPRESIDENCIA DE LA REPÚBLICA r E_ e, =º' MAYO 31 DE 2026 REGISTRADURÍA DEPARTAMENTO: 60 - AMAZONAS MUNICIPIO: 001 - LETICIA ZONA: 01 PUESTO: 01 MESA: 017 LUGAR: 1E INEM JOSE EUSTACIO RIVERA X 7-10-73-14 X NIVELACIÓN DE ",True,74,15,346,5,,4,5,,2026,,9,10,,,13,,2072,7,S
018.pdf,60,001,01,01,018,"' TOLI AOOO ERO - 710093472010103 Ver: 01 Pag: 1 de 3 | E ' E ACTA DE ESCRUTINIO DE LOS m | e JURADOS DE VOTACIÓN ' s N - ELECCIÓN PRESIDENCIA Y VICEPRESIDENCIA DE LA REPUBLICA — . E "" MAYO 31 DE 2026 REGISTRADURÍA | DEPARTAMENTO;:; 60 - AMAZONAS | MUNICIPIO: 001 - LETICIA f ZONA: 01 PUESTO: 01 MESA: 018 | LUGAR: IÉ INEM JOSE EUSTACIO RIVERÁ | X 3-18-25-14 X NIVELACIÓN DE LA MESA ' 156 15 6 I CAND",True,82,156,1,2,,,,5,,,,40,,,,4,51,4,S
019.pdf,60,001,01,01,019,- — OMONANTEY ANVNO — f 710093482010103 Ver: 01 Pag: 1 de 3 | E E 2.E ACTA DE ESCRUTINIO DE LOS m m E - JURADOS DE VOTACIÓN Ml Ta| ELECCIÓN PRESIDENCIA Y | e rEN-Le. VICEPRESIDENCIA DE LA REPÚBLICA =. f E — ME MAYO 31 DE 2026 REGISTRADURÍA | DEPARTAMENTO: 60 - AMAZONAS MUNICIPIO: 001 - LETICIA | ZONA: 01 PUESTO: 01 MESA: 019 | LUGAR: IE INEM JOSE EUSTACIO RIVERA | K 2-11-18-18 X | NIVELACIÓN DE LA,True,79,,5,2,,4,,,,,,10,,,,,16,3,S
020.pdf,60,001,01,01,020,— — ONO NN AMNONAANEE — 710093492010103 Ver: 01 Pag: 1 de 3 | El Te E ACTA DE ESCRUTINIO DE LOS m = 1:$E JURADOS DE VOTACIÓN — EN ELECCIÓN PRESIDENCIA Y J El E VICEPRESIDENCIA DE LA REPUBLICA — [m]k uE MAYO 31 DE 2026 REGISTRADURÍA DEPARTAMENTO: 60 - AMAZONAS MUNICIPIO: 001 - LETICIA ZONA: 01 PUESTO: 01 MESA: 020 LUGAR: IE INEM JOSE EUSTACIO RIVERA X 4-81-82-15 X NIVELACIÓN DE LA MESA ' 156 156 CA,True,91,156,4,5205,3,4,,6,,,,,14,12,3,4,5251,8,S
021.pdf,60,001,01,01,021,"— ONAMENINDANAANT — 710093502010103 Ver: 01 Pag: 1 de 3 E ' E E ACTA DE ESCRUTINIO DE LOS m - _I¡I.p] "" JURADOS DE VOTACIÓN l N i E a DELEGADOS = [ — ELECCIÓN PRESIDENCIA Y | ""Es BFE VICEPRESIDENCIA DE LA REPÚBLICA — E_ rr MAYO 31 DE 2026 REGISTRADURÍA DEPARTAMENTO: 60 - AMAZONAS MUNICIPIO: 001 - LETICIA ZONA: 01 PUESTO: 01 MESA: 021 LUGAR: IE INEM JOSE EUSTACIO RIVERA X 5-73-16-13 X NIVELACIÓN DE",True,81,148,9350,1805,6,9,,,,,,3,,,13,7,1843,6,S
022.pdf,60,001,01,01,022,"- — OOMRMEENNNA NNNO — | 710093512010103 Ver: 01 Pag: 1 de 3 [m] AA fa] — ACTADE ESCRUTINIO DE LOS m ' _;-!.-¿-¿ y JURADOS DE VOTACIÓN . E EA a:'."" ELECCIÓN PRESIDENCIA Y : My | . VICEPRESIDENCIA DE LA REPÚBLICA T - E "" . MAYO 31 DE 2026 REGISTRADURÍA DEPARTAMENTO: 60 - AMAZONAS MUNICIPIO;: 001 - LETICIA ZONA: 01 PUESTO: 01 MESA: 022 LUGAR: IE INEM JOSE EUSTACIO RIVERA K 3-18-62-12 X NIVELACIÓN DE",True,94,137,9351,2,5,,5,6,,,37,,11,,1,,67,7,N
023.pdf,60,001,01,01,023,"- TAO DNE AN - | 710093522010103 Ver: 01 Pag: 1 de 3 E| c E ACTA DE ESCRUTINIO DE LOS m _¡L e - JURADOSDEVOTACIÓN AA - DELEGADOS n d E ELECCIÓN PRESIDENCIA Y ""'EF E El E VICEPRESIDENCIA DE LA REPUBLICA — E * ra E MAYO 31 DE 2026 REGISTRADURÍA DEPARTAMENTO: 60 - AMAZONAS MUNICIPIO: 001 - LETICIA ZONA: 01 PUESTO: 01 MESA: 023 LUGAR: IE INEM JOSE EUSTACIO RIVERA X 8-09-75-10 X NIVELACIÓN DE LA MESA 2",True,72,,9352,2,,,5,5,,,,0,,12,13,,37,6,S
024.pdf,60,001,01,01,024,"- AEAOOO TNEO ""— 710093532010103 Ver: 01 Pag: 1 de 3 E' - E ACTA DE ESCRUTINIO DE LOS m e - JURADOS DE VOTACIÓN . = i = El -_r-_||._'ll. ELECCIÓN PRESIDENCIA Y l Cl h VICEPRESIDENCIA DE LA REPUBLICA D E o E MAYO 31 DE 2026 REGISTRADURÍA DEPARTAMENTO: 60 - AMAZONAS MUNICIPIO: 001 - LETICIA | ZONA: 01 PUESTO: 01 MESA: 024 | LUGAR: IE INEM JOSE EUSTACIO RIVERA | X 3-60-77-19 X NIVELACIÓN DE LA MESA 1",True,71,131,5,2,3,,,,,,,10,,12,,7,34,5,S
025.pdf,60,001,01,01,025,"N TUO IOOOO _ 710093542010103 Ver: 01 Pag: 1 de 3 | E í I"""""" E| ACTA DE ESCRUTINIO DE LOS m | Ta % s JURADOS DE VOTACIÓON _ Ea E DELEGADOS E r'.'11:l!in ELECCIÓN PRESIDENCIA Y .i'p U VICEPRESIDENCIA DE LA REPUBLICA L. , E__ d T > aa « MAYO 31 DE 2026 REGISTRADURÍA DEPARTAMENTO: 60 - AMAZONAS MUNICIPIO: 001 - LETICIA ZONA: 01 PUESTO: 01 MESA: 025 LUGAR: IE INEM JOSE EUSTACIO RIVERA X 3-84-360-11 X ",True,96,122,1,2,5,5,,5,,5,9,9,,12,13,,65,9,S
026.pdf,60,001,01,01,026,"- E ELOO NE ON - 710093552010103 Ver: 01 Pag: 1 de 3 E. : HT E ACTA DE ESCRUTINIO DE LOS m E - ¿:I;_¿_,¡-.'- »1 — JURADOSDEVOTACIÓN A M ELECCIÓN PRESIDENCIA Y ' e-LA D, VICEPRESIDENCIA DE LA REPÚBLICA T E -l MAYO 31 DE 2026 REGISTRADURÍA . DEPARTAMENTO: 60 - AMAZONAS | MUNICIPIO: 001 - LETICIA ZONA: 01 PUESTO: 01 MESA: 026 LUGAR: IE INEM JOSE EUSTACIO RIVERA | X A4-64-19-15 X NIVELACIÓN DE LA MESA",True,83,12,2,2,3,1,,,,,9,10,,12,13,2,52,8,S
027.pdf,60,001,01,01,027,"m ||||7 71111 7 710093562010103 Ver: 01 Pag: 1 de 3 E n E ACTA DE ESCRUTINIO DE LOS m f T JURADOS DE VOTACIÓN | r d ""c |l'¡ - ELECCIÓN PRESIDENCIA Y | -""-&|'.I =$ VICEPRESIDENCIA DE LA REPÚBLICA _ l E r E MAYO 31 DE 2026 REGISTRADURÍA DEPARTAMENTO: 60 - AMAZONAS MUNICIPIO: 001 - LETICIA ZONA: 01 PUESTO: 01 MESA: 027 | LUGAR: iE INEM JOSE EUSTACIO RIVERA K 7-57-12-11 X NIVELACIÓN DE LA MESA | £Li3a",True,84,,356,2,3,28,,,,,27,10,,12,13,5,100,8,S
028.pdf,60,001,01,01,028,"- AEEOOO - 710093572010103 Ver: 01 Pag: 1 de 3 E - *.E ACTA DE ESCRUTINIO DE LOS m E- .: JURADOS DE VOTACIÓN .gi.'_.:u_r.gi- E — DELEGADOS -1:£;|. ; ELECCIÓA PRESIDENCIA Y al J E- VICEPRESIDENCIA DE LA REPUBLICA , i E, ""FR MAYO 31 DE 2026 REGISTRADURÍA ' DEPARTAMENTO: 60 - AMAZONAS MUNICIPIO: 001 - LETICIA | ZONA: 01 PUESTO: 01 MESA: 028 LUGAR: IE INEM JOSE EUSTACIO RIVERA - X 2-41-45-18 X NIVELAC",True,90,55,5,1,3,,4,,,,,10,,,,0,18,5,S
001.pdf,60,001,01,02,001,"- INNATTADTANTAD — 710093582010103 Ver: 01 Pag: 1 de 3 E ! E ACTA DE ESCRUTINIO DE LOS m Ir=ti, An - JURADOSDEVOTACIÓN . E Ce _ DELEGADOS = 'Hl ñ ELECCIÓN PRESIDENCIA Y s ' VICEPRESIDENCIA DE LA REPÚBLICA . E . _r MAYO 31 DE 2026 REGISTRADURÍA DEPARTAMENTO: 60 - AMAZONAS MUNICIPIO: 001 - LETICIA ZONA: 01 PUESTO: 02 MESA: 001 LUGAR: JORGE ELIECER GAITAN X 3-76-60-17 X NIVELACIÓN DE LA MESA 166 N66 ",True,84,166,9358,0,3,3,5,5,,,,,,,13,7,36,7,S
002.pdf,60,001,01,02,002,"- AEEO D ENE n 710093592010103 Ver: 01 Pag: 1 de 3 E "" 'I7 l E ACTA DE ESCRUTINIO DE LOS m | N I,¡ l , JURADOS DE YOTACIÓN * T M| DELEGADOS _ . '!E'£¡.:¡LL ELECCIÓN PRESIDENCIA Y as s Ey VICEPRESIDENCIA DE LA REPÚBLICA E_ TN MAYO 31 DE 2026 REGISTRADURÍA DEPARTAMENTO: 60 - AMAZONAS MUNICIPIO: 001 - LETICIA ZONA: 01 PUESTO: 02 MESA: 002 LUGAR: JORGE ELIECER GAITAN KX 8-31-14-17 X NIVELACIÓN DE LA M",True,76,104,4,2,3,,4,,,,,6,,3,13,4,35,7,S
003.pdf,60,001,01,02,003,— ONORONIMNENNTNMRNDTA — 710093602010103 Ver: 01 Pag: 1 de 3 E_ _ E ACTA DE ESCRUTINIO DE LOS m en aa — JURADOSDEVOTACIÓN — + ELECCIÓN PRESIDENCIA Y i = VICEPRESIDENCIA DE LA REPÚBLICA E [EI o MAYO 31 DE 2026 REGISTRADURÍA DEPARTAMENTO: 60 - AMAZONAS | MUNICIPIO: 001 - LETICIA ZONA: 01 PUESTO: 02 MESA: 003 LUGAR: JORGE ELIECER GAITAN X 5-68-19-17 X NIVELACIÓN DE LA MESA | 143l EA CANDIDATO AGRUPAC,True,82,143,3,7,,,,6,,,,,,12,13,,38,4,S
004.pdf,60,001,01,02,004,""" OMENINDNOONEMBNTO — 710093612010103 Ver: 01 Pag: 1 de 3 | E *P E ACTA DE ESCRUTINIO DE LOS m S. -€' a — JURADOS DEVOTACIÓN - — ; Y M ""|'='|:H'"":u? ELECCIÚ?PRESIDENCIA_Y ' .El VICEPRESIDENCIA DE LA REPUBLICA — E eJ MAYO 31 DE 2026 REGISTRADURIA DEPARTAMENTO: 60 - AMAZONAS MUNICIPIO: 001 - LETICIA ZONA: 01 PUESTO: 02 MESA: 004 LUGAR: JORGE ELIECER GAITAN X 2-54-14-16 X NIVELACIÓN DE LA MESA 17% 17",True,81,17,4,2,2,,,,,,,9,,,,1,14,4,S
005.pdf,60,001,01,02,005,"N TNE AIAO E 710093622010103 Ver:01 Pag: * de 3 — E |=""I:"" E ACTA DE ESCRUTINIO DE LOS m o d p RADOS DEVOTACÓN E ELECCIÓN PRESIDENCIA Y aY y -E VICEPRESIDENCIA DE LA REPÚBLICA T E_ Ey E MAYO 31 DE 2026 REGISTRADURÍA DEPARTAMENTO: 60 - AMAZONAS MUNICIPIO: 001 - LETICIA ZONA: 01 PUESTO: 02 MESA: 005 | LUGAR: JORGE ELIECER GAITAN - KX 3-47-51-14 X NIVELACIÓN DE LA MESA 1uol 1uOl CANDIDATO AGRUPACIÓN ",True,75,,9362,2,3,,,6,,,9,9,,,13,,42,6,S
006.pdf,60,001,01,02,006,— OANNINOININN ANANO — | 710093632010103 Ver: 01 Pag: 1 de 3 — [ [m] ACTA DE ESCRUTINIO DE LOS m d JURADOS DE VOTACIÓN — e DELEGADOS | £- ELECCIÓN PRESIDENCIA Y ' VICEPRESIDENCIA DE LA REPUBLICA — E . D MAYO 31 DE 2026 REGISTRADURÍA  | DEPARTAMENTO: 60 - AMAZONAS | MUNICIPIO: 001 - LETICIA £ ZONA: 01 PUESTO: 02 MESA: 006 - LUGAR: JORGE ELIECER GAITAN i X 3-46-82-13 X | NIVELACIÓN DE LA MESA ' 166 ,True,79,166,6,2,,2,,,,,9,,,12,13,,38,5,S
007.pdf,60,001,01,02,007,"— — — OMININITOEANN NPNEO — 710093642010103 Ver: 01 Pag: 1 de 3 — [m]a[m] - ACTADEESCRUTINIODELOS m — r, JURADOS DE VOTACIÓN f | ""'""""q|'l1."" "" ¡ m | AA ELECCIÓN PRESIDENCIA Y Ne FE - VICEPRESIDENCIA DE LA REPÚBLICA aa E_ , MAYO 31 DE 2026 REGISTRADURÍA — | DEPARTAMENTO: 60 - AMAZONAS | MUNICIPIO: 001 - LETICIA — | ZONA:01 PUESTO: 02 MESA: 007 LUGAR: JORGE ELIECER GAITAN | X 3-02-75-14 X - NIVELACI",True,79,292,2,1,,2,,6,,,,10,11,,118,0,148,7,S
008.pdf,60,001,01,02,008,"- CODI UO VOO - | 710093652010103 Ver: 01 Pag: 1 de 3 | E - 1=.¡-. E ACTA DE ESCRUTINIO DE LOS m . ¡.|£' , JURADOS DE VOTACION 875 __ DELEGADOS Itl|+h-* - ELECCIÓN PRESIDENCIA Y ha CM b - VICEPRESIDENCIA DE LA REPÚBLICA — | E l Tr MAYO 31 DE 2026 REGISTRADURÍA | DEPARTAMENTO: 60 - AMAZONAS 5 MUNICIPIO: 001 - LETICIA ZONA: 01 PUESTO: 02 MESA: 008 LUGAR: JORGE ELIECER GAITAN | X 68-31-28-10 X | NIVE",True,88,197,8,5,,,,6,,,,5,,,,8,24,4,S
009.pdf,60,001,01,02,009,"M 171111170 | 710093662010103 Ver: 01 Pag: 1 de 3 E| ""r :E ACTA DE ESCRUTINIO DE LOS m — 1'E'-T'- JURADOS DE VOTACIÓN .¡¡f,__ a  DELEGADOS  — '*.E'IE-:IP ELECCIÓN PRESIVENCIA Y | . - |"" El il VICEPRESIDENCIA DE LA REPUBLICA p , | E D , MAYO 31 DE 2026 REGISTRADURÍA  DEPARTAMENTO: 60 - AMAZONAS  MUNICIPIO: 001 - LETICIA  ZONA: 01 PUESTO: 02 MESA: 009 | LUGAR: JORGE ELIECER GAITAN X 2-61-47-10 X | N",True,87,188,1,2,5,4,4,9,,9,,5,,,,1,39,8,S
010.pdf,60,001,01,02,010,"— — — ENAUNO TUO N | 710093672010103 Ver: 01 Pag: 1 de 3 E P E ACTA DE ESCRUTINIO DE LOS m | -:-"".3—'-:5' T JURADOS DE VOTACIÓN | =l aJ Cr ELECCIÓN PRESIDENCIA Y AE i FL- FE VICEPRESIDENCIA DE LA REPÚBLICA A | E '*-l. e. . B MAYO 31 DE 2026 REGISTRADURIA E DEPARTAMENTO: 60 - AMAZONAS MUNICIPIO: 001 - LETICIA | ZONA: 01 PUESTO: 02 MESA: 010 LUGAR: JORGE ELIECER GAITAN f X 5-15-14-12 X | NIVELACIÓN ",True,87,,1,2,,,,,,,,3,,,,1,6,3,S
011.pdf,60,001,01,02,011,"— ONMENI INAUN — 710093682010103 Ver: 01 Pag: 1 de 3 — [m]S:u+tfm] - ACTADEESCRUTINO D LOS m i E I1 E — '€"".—|'- =T JURADOS DE YOTACIÓN | TE ELECCIÓN PRESIDENCIA Y AN _ 3.' "". VICEPRESIDENCIA DE LA REPUBLICA —  E n y MAYO 31 DE 2026 REGISTRADURÍA  DEPARTAMENTO: 60 - AMAZONAS  MUNICIPIO: 001 - LETICIA | ZONA: 01 PUESTO: 02 MESA: 011 | LUGAR: JORGE ELIECER GAITAN | X 3-91-28-16 X NIVELACIÓN DE LA ME",True,91,16,6,3,3,,,,,,5,1,11,12,113,6,154,8,S
012.pdf,60,001,01,02,012,"- — AMOMNANOTT TNAENO — 710093692010103 Ver: 01 Pag: 1 de 3 E = E ACTA DE ESCRUTINIO DE LOS m — a ades: — JURADOSDEVOTACIÓN | . = =1 DELEGADOS | — ELECCIÓN PRESIDENCIA Y ¡ .F"" s VICEPRESIDENCIA DE LA REPÚBLICA — | E . I-|I. - MAYO 31 DE 2026 REGISTRADURÍA | DEPARTAMENTO: 60 - AMAZONAS | MUNICIPIO: 001 - LETICIA | ZONA: 01 PUESTO: 02 MESA: 012 | LUGAR: JORGE ELIECER GANTAN | X 3-37-45-17 X ? NIVELA",True,82,,4,4,,7,5,5,,,,10,,12,,,43,6,S
013.pdf,60,001,01,02,013,"— CQO EO DOOOOOO N | 710093702010103 Ver: 01 Pag: 1 de 3 | E|""' - E ACTA DE ESCRUTINIO DE LOS m — aoba ea — JURADOSDEVOTACIÓN | e a p ELECCIÓN PRESIDENCIA Y ' rl a7 C VICEPRESIDENCIA DE LA REPÚBLICA — i E """"A "" MAYO 31 DE 2076 WL%% | DEPARTAMENTO: 60 - AMAZONAS | MUNICIPIO: 001 - LETICIA | ZONA: 01 PUESTO: 02 MESA: 013 | LUGAR: JORGE ELIECER GAITAN | X 3-48-11-16 X : NIVELACIÓN DE LA MESA 156 156 ",True,90,156,56,,,63,24,9,,0,7,9,2,4,113,5,236,10,S
014.pdf,60,001,01,02,014,"| — CAAO e E OCEOOO - [ 710093712010103 Ver: 01 Pag: 1 de 3 | E._ a . E ACTA DE ESCRUTINIO DE LOS m | y + :_-. r JURADOS DE VOTACIÓN — — !"":¡-' = ELECCIÓN PRESIDENCIA Y | LE""'- = VICEPRESIDENCIA DE LA REPUBLICA o . | E - N MAYO 31 DE 2026 REGISTRADURÍA DEPARTAMENTO: 60 - AMAZONAS | MUNICIPIO: 001 - LETICIA | ZONA; 01 PUESTO: 02 MESA: 014 | LUGAR: JORGE ELIECER GAITAN X 8-35-98-16 X NIVELACIÓN DE L",True,90,,9,7,3,4,,6,,1,,3,,12,113,,149,8,S
015.pdf,60,001,01,02,015,"— — OMONRIODIEMIN TNAN — 710093722010103 Ver: 01 Pag: 1 de 3 — [a] () ACTA DE ESCRUTINIO DE LOS m  — A ; JURADOS DE VOTACIÓN  ! - l "" ELECCIÓN PRE3IDENCIA¡Y A — l  | a E VICEPRESIDENCIA DE LA REPÚBLICA ¡ ""-  | E '¡'I¡' . MAYO 31 DE 2026 REGISTRADURIA DEPARTAMENTO: 60 - AMAZONAS  MUNICIPIO: 001 - LETICIA  — | ZONA:01 PUESTO: 02 MESA: 015  - LUGAR: JORGE ELIECER GAITAN  | X 7-3606-34-15 X  | NIVELAC",True,80,,372,2,,54,,,,,,,11,12,113,,192,5,S
016.pdf,60,001,01,02,016,"— CU EO DOO - 710093732010103 Ver: 01 Pag: 1 de 3 — fl [m] — ACTADE ESCRUTINIO DE LOS m — ""1a — JURADOS DE VOTACIÓN | , "" U — ""'ih' ELECCIÓN PRESIDENCIA Y | F El VICEPRESIDENCIA DE LA REPÚBLICA — | E A MAYO 31 DE 2026 REGISTRADURÍA | DEPARTAMENTO: 60 - AMAZONAS MUNICIPIO: 001 - LETICIA | ZONA: 01 PUESTO: 02 MESA: 016 g LUGAR: JORGE ELIECER GAITAN | X 7-33-47-19 X NIVELACIÓN DE LA MESA i . 65 ' 63 ",True,76,65,3,4207,3,,1,9,,,,,,12,113,3,4348,7,S
001.pdf,60,001,01,03,001,"M| |111111 . l 710093742010103 Ver: 01 Pag: 1 de 3 — [mrer [m] ACTA DE ESCRUTINIO DE LOS m | :¿-I:.-"":_$' o JURADOS DE VOTACIÓN — Y ELECCIÓN PRESIDENCIA Y ¡ _ !¡L =FT VICEPRESIDENCIA DE LA REPUBLICA — — [l a MAYO 31 DE 2026 REGISTRADURÍA —| DEPARTAMENTO: 60 - AMAZONAS € MUNICIPIO: 001 - LETICIA | ZONA: 01 PUESTO: 03 MESA: 001 | LUGAR: IE FRANCISCO DEL ROSARIO VELA | X 2-20-04-15 X | NIVELACIÓN DE ",True,83,27,9374,7,,,,,,,,10,,112,13,0,142,5,S
002.pdf,60,001,01,03,002,"| — OO VUMATTOOTY - | 710093752010103 Ver: 01 Pag: 1 de 3 — [m]94.[m] - ACTADEESCRUTINIODE LOS m — m n — JURADOSDEVOTACIÓ TNE ELECCIÓN PRESIDENCIA Y l lB VICEPRESIDENCIA DE LA REPÚBLICA [< E 7y ""LENO.+ MAYO 31 DE 2026 REGISTRADURÍA DEPARTAMENTO: 60 - AMAZONAS | MUNICIPIO: 001 - LETICIA ZONA: 01 PUESTO: 03 MESA: 002 LUGAR: IE FRANCISCO DEL ROSARIO VELA | X 6-90-10-19 X ' NIVELACIÓN DE LA MESA º 131",True,76,131,375,3,6,,,,,,,31,,,,4,44,4,S
003.pdf,60,001,01,03,003,"— CNOOO DDO - E ! E ACTA DE ESCRUTINIO DE LOS m — JURADOS DE VOTACIÓN | ""E U m ELECCIÓN PRESIDENCIA Y | KPUE- B VICEPRESIDENCIA DE LA REPÚBLICA — - ¿ E . - MAYO 31 DE 2026 REGISTRADURÍA | DEPARTAMENTO: 60 - AMAZONAS | MUNICIPIO: 001 - LETICIA | ZONA: 01 PUESTO: 03 MESA: 003 | LUGAR: lE FRANCISCO DEL ROSARIO VELA X 5-63-05-13 X | NIVELACIÓN DE LA MESA º - 85 a 35 | CANDIDATO AGRUPACIÓN VOTACIÓN i H",True,77,85,5,2,,14,15,15,,,9,,,12,113,5,185,8,S
001.pdf,60,001,02,01,001,"— — 710093772010103 Ver: 0* Pag: 1 de 3 | E + E ACTA DE ESCRUTINIO DE LOS m — TEEme M - JURADOSDEVOTACIÓN T .""¿.""l rr ELECCIÓN PRESIDENCIA Y  | AE TN  VICEPRESIDENCIA DE LA REPÚBLICA | E Ib. C '| MAYO 31 DE 2026 uulsLuu££m… ' | DEPARTAMENTO: 60 - AMAZONAS | MUNICIPIO: 001 - LETICIA | ZONA: 02 PUESTO: 01 MESA: 001 | LUGAR: IE MARCELIANO E. CANYES | X 3-11-03-15 X ; NIVELACIÓN DE LA MESA 213 213 ; f",True,76,213,2,185,3,,,,,,,5,,112,13,2,320,6,S
002.pdf,60,001,02,01,002,"— — — NO MIRADAIO - | 710093782010103 Ver: 01 Pag: 1 de 3 | E : . ; E ACTA DE ESCRUTINIO DE LOS m — enl - p JURADOS DE VOTACIÓ __ |b'?¡$'¡ . ELECCIÓN PRESIDENCIA Y º =F ed  VICEPRESIDENCIA DE LA REPUBLICA — E -Il|""1-""- . MAYO 31 DE 2026 REGISTRADURÍA —| DEPARTAMENTO: 60 - AMAZONAS | MUNICIPIO: 001 - LETICIA ZONA: 02 PUESTO: 01 MESA: 002 LUGAR: IE MARCELIANO E. CANYES | | X 2-57-10-14 X ' NIVELACIÓ",True,87,185,8,4770,5,,2,5,,,,5,,12,13,7,4819,8,S
003.pdf,60,001,02,01,003,"— OOOE DNA - | 710093792010103 Ver: 01 Pag: 1 de 3 | E "" E ACTA DE ESCRUTINIO DE LOS m — -' JURADOS DE VOTACIÓN ! . o | - Y "" ELECCIÓN PRESIDENCIA Y | . ») VICEPRESIDENCIA DE LA REPÚBLICA = - | E del a MAYO31DE 2026 — REGISTRADURÍA | DEPARTAMENTO: 60 - AMAZONAS | MUNICIPIO: 001 - LETICIA | ZONA: 02 PUESTO: 01 MESA: 003 | LUGAR: IE MARCELIANO E. CANYES | X 6-04-90-13 X [ ' NIVELACIÓN DE LA MESA º 2",True,88,2171,2,,,,5,,,,,,,,,,5,1,N
004.pdf,60,001,02,01,004,— — O BIENINTENNAONTA — | 710093802010103 Ver: 01 Pag: 1 de 3 | E EH: l E ACTA DE ESCRUTINIO DE LOS m | E - JURADOS DE VOTACIÓN | — -Fr£1h|- ELECCIÓN PRESIDENCIA Y | E ]: 68 VICEPRESIDENCIA DE LA REPÚBLICA EA | E ce k MAYO 31 DE 2026 REGISTRADURÍA | DEPARTAMENTO: 60 - AMAZONAS MUNICIPIO: 001 - LETICIA | ZONA: 02 PUESTO: 01 MESA: 004 | LUGAR: IE MARCELIANO E. CANYES í X 4-19-06-10 X | NIVELACIÓN DE,True,85,72226,2,1073,,,,,,,9,1,,12,,2,1097,5,S
005.pdf,60,001,02,01,005,"— — OMENIENUNA DTTO — | 710093812010103 Ver: 01 Pag: 1 de 3 E rr = E ACTA DE ESCRUTINIO DE LOS m a ¡.¿I."" * T JURADOS DE VOTACIÓN * L lo N ELECCIÓN PRESIDENCIA Y | . fEn = VICEPRESIDENCIA DE LA REPUBLICA — E ra -N MAYO 31 DE 2026 REGISTRADURÍA | DEPARTAMENTO: 60 - AMAZONAS ; MUNICIPIO: 001 - LETICIA | ZONA: 02 PUESTO: 01 MESA: 005 ' LUGAR: IE MARCELIANO E. CANYES X 8-53-74-15 X | NIVELACIÓN DE LA ",True,82,202,9,2,,,,,,,9,,,,,,11,2,S
006.pdf,60,001,02,01,006,"— QUN VCOO a 710093822010103 Ver: 01 Pag: 1 de 3 | E M T E ACTA DE ESCRUTINIO DE LOS m | , -'13_… . JURADOS DE VOTACION "" i':' = — ELECCIÓN PRESIDENCIA Y l!:E|l—""' =NE VICEPRESIDENCIA DE LA REPÚBLICA — [ E PA . MAYO 31 DE 2026 REGISTRADURÍA —| DEPARTAMENTO: 60 - AMAZONAS 2 MUNICIPIO: 001 - LETICIA | ZONA: 02 PUESTO: 01 MESA: 006 | LUGAR: lE MARCELIANO E. CANYES | X 4-73-31-19 X ¡ NIVELACIÓN DE LA ",True,77,173,3,2,,4,5,16,,9,,4,,,,,40,6,S
007.pdf,60,001,02,01,007,- — — ENO IIIO DOO N  | 710093832010103 Ver: 01 Pag: 1 de 3  | E E--'—;E ACTA DE ESCRUTINIO DE LOS m  . uE JURADOS DE VOTACIÓN  — E ELECCIÓN PRES::JENCIA Y  : VICEPRESIDENCIA DE LA REPUBLICA —  | E MAYO 31 DE 2026 REGISTRADURÍA  | DEPARTAMENTO: 60 - AMAZONAS  f MUNICIPIO: 001 - LETICIA  | ZONA: 02 PUESTO: 01 MESA: 007  | LUGAR: IE MARCELIANO E. CANYES  | X 3-55-91-17 X  | NIVELACIÓN DE LA MESA  20,True,92,206,9383,385,,4,15,15,,,9,5,220,1,,,654,8,S
008.pdf,60,001,02,01,008,"_ AC U DO NOE VOOO N '¡ 710093842010103 Ver: 01 Pag: 1 de 3 E Z '¡E| ACTA DE ESCRUTINIO DE LOS m | — IB .. ' JURADOS DE VOTACIÓN B- Te| _ DELEGADOS | T E ELECCIÓN PRESIDENCIA Y | ""'i l » ll VICEPRESIDENCIA DE LA REPÚBLICA — | E a _ — MAYO 31 DE 2026 REGISTRADURÍA DEPARTAMENTO: 69 - AMAZONAS | MUNICIPIO: 001 - LETICIA - ZONA: 02 PUESTO: 01 MESA: 008 | LUGAR: lE MARCELIANO E. CANYES | X 4-75-05-10 X",True,85,208,9,2,3,4,1,5,,,6,0,0,,,9,30,9,S
009.pdf,60,001,02,01,009,"_ CU AEAOOO - | E — E| ACTA DE ESCRUTINIO DE LOS m — — ¿ JURADOS DE VOTACIÓN : '=ÍI'II""',|_. |.-. q ELECCIÓN PRESIDENCIA Y * E, N =e VICEPRESIDENCIA DE LA REPÚBLICA — | E - S MAYO 31 DE 2026 REGISTRADURÍA | DEPARTAMENTO: 60 - AMAZONAS - MUNICIPIO: 001 - LETICIA ; ZONA: 02 PUESTO: 01 MESA: 009 LUGAR: IE MARCELIANO E. CANYES | X 6-05-99-10 X | NIVELACIÓN DE LA MESA º 1 87 e 187 | CANDIDATO AGRUPACIÓ",True,80,,8,2,,5,,,,,,10,,,1,4,22,5,S
010.pdf,60,001,02,01,010,"_ EAO O TE -  | E"" * E| ACTA DE ESCRUTINIO DE LOS  : p JURADOS DE VOTACIÓN  | ""E-r I._l+ ' ELECCION PREShJENCIA Y  : A ePE VICEPRESIDENCIA DE LA REPÚBLICA —  | E aE MAYO 31 DE 2026 REGISTRADURÍA  DEPARTAMENTO: 60 - AMAZONAS  | MUNICIPIO: 001 - LETICIA  ZONA: 02 PUESTO: 01 MESA: 010  | LUGAR: IE MARCELIANO E. CANYES  : X 4-936-09-13 X  l  | NIVELACIÓN DE LA MESA  º A2  º Naz2  | CANDIDATO AGRUPACIÓ",True,66,,1,2,,,,6,,,,0,,112,,1,121,5,S
011.pdf,60,001,02,01,011,"— — OOOOOO ANRO — 710093872010103 Ver: 01 Pag: 1 de 3 | E| =|J"": - E| ACTA DE ESCRUTINIO DE LOS m _ :.- '33 ú ELECCION PRESIDENCIA Y | . alr [:9 - VICEPRESIDENCIA DE LA REPÚBLICA _._ | E-—. — MAYO 31 DE 2026 REGISTRADURÍA DEPARTAMENTO: 60 - AMAZONAS MUNICIPIO: 001 - LETICIA | ZONA: 02 PUESTO: 01 MESA: 011 | LUGAR: lE MARCELIANO E. CANYES f X 7-90-57-14 X NIVELACIÓN DE LA MESA i 166 r 166 CANDIDATO",True,78,166,4,174,,2,,6,,,,5,,112,,3,302,6,S
012.pdf,60,001,02,01,012,"M 11111111111 | 710093882010103 Ver: 01 Pag: 1 de 3 f E ' :E ACTA DE ESCRUTINIO DE LOS m — JURADOS DE VOTACIÓN ; ;_áh,_.¡¿.£ DELEGADOS | a :¡=!'=:1 ELECCIÓN PRESIDENCIA Y | o | VICEPRESIDENCIA DE LA REPÚBLICA — E - Y - MAYO 31 DE 2026 REGISTRADURÍA DEPARTAMENTO: 60 - AMAZONAS | MUNICIPIO: 001 - LETICIA | ZONA: 02 PUESTO: 01 MESA: 012 - | LUGAR: IE MARCELIANO E. CANYES | X 6-50-78-14 X | NIVELACIÓN",True,81,,9,12,,1,,5,,,,40,,,,,58,4,S
013.pdf,60,001,02,01,013,"|  — — — INAUN TNAN | 710093892010103 Ver: 01 Pag: 1 de 3 ; E y ""'%E| ACTA DE ESCRUTINIO DE LOS m  — M b- — JURADOSDEVOTACIÓN  l - E a "" =_ a ,  ¡ s = E ELECCIÓN PRESIDENCIA Y  | d E- e VICEPRESIDENCIA DE LA REPÚBLICA [  | E 11 T MAYO 31 DE 2026 REGISTRADURÍA  | DEPARTAMENTO: 60 - AMAZONAS  | MUNICIPIO: 001 - LETICIA  | ZONA: 02 PUESTO: 01 MESA: 013  i LUGAR: IE MARCELIANO E. CANYES  f X 3-09-29-1",True,83,197,12,7005,3,3,,1,,,9,,8,,,12,7041,7,S
014.pdf,60,001,02,01,014,"— AAOO OOONOOO - | 710093902010103 Ver: 01 Pag: 1 de 3 E e E ACTA DE ESCRUTINIO DE LOS m | _¡.:L.' e T JURADOS DE VOTACIÓN | "" b ELECCIÓN PRESIDENCIA Y ! . a[=E9 VICEPRESIDENCIA DE LA REPÚBLICA p | E =7 ml de MAYO 31 DE 2026 REGISTRADURÍA | DEPARTAMENTO: 60 - AMAZONAS | MUNICIPIO: 001 - LETICIA | ZONA: 02 PUESTO: 01 MESA: 014 | LUGAR: IE MARCELIANO E. CANYES | X 5-97-45.10 X | NIVELACIÓN DE LA MES",True,93,226,2,,,,5,,,,,,19,12,93,,129,4,S
015.pdf,60,001,02,01,015,"- EEOOO IIIO NO R 710093912010103 Ver: 01 Pag: 1 de 3 | E$E-J-;E ACTA DE ESCRUTINIO DE LOS m | — E ara JURADOS DE YOTACION * "" '¿...'E = "" ELECCIÓN PRESIDENCIA Y l A | r IE =l E VICEPRESIDENCIA DE LA REPÚBLICA — | E — MAYO 31 DE 2026 REGISTRADURÍA . | DEPARTAMENTO: 60 - AMAZONAS | MUNICIPIO: 001 - LETICIA | ZONA: 02 PUESTO: 01 MESA: 015 LUGAR: IE MARCELIANO E. CANYES | X 2-99-81-15 X | NIVELACIÓN ",True,71,,4,2,3,2,,6,,,,,,,113,,126,5,S
016.pdf,60,001,02,01,016,"— OOO IO OOOO a 710093922010103 Ver: 01 Pag: 1 de 3 | E - E ACTA DE ESCRUTINIO DE LOS m — ERE JURADOS DE VOTACIÓN | - "" LI = a . MC7 DELEGADOS * Taa N _¿EE'I ELECCIÓN PRESIDENCIA Y '_' ""_"" = VICEPRESIDENCIA DE LA REPUBLICA — | E;. """" u MAYO 31 DE 2026 REGISTRADURÍA | DEPARTAMENTO: 60 - AMAZONAS | MUNICIPIO: 001 - LETICIA | ZONA: 02 PUESTO: 01 MESA: 016 | LUGAR: IE MARCELIANO E. CANYES f X 8-29-79-",True,78,129,1,12,,,,,,,,,,,,1,13,2,S
017.pdf,60,001,02,01,017,- — ONINIBOIOTONONADA TNE — 710093932010103 Ver: 01 Pag: 1 de 3 | E T I'i. E ACTA DE ESCRUTINIO DE LOS m . t-:'-. a JURADOS DE VOTACIÓN | n » ELECCIÓN PRESIDENCIA Y | .r|'¡:|.l- El VICEPRESIDENCIA DE LA REPÚBLICA — ¡ E ! N MAYO 31 DE 2026 REGISTRADURÍA | DEPARTAMENTO: 60 - AMAZONAS | MUNICIPIO: 0041 - LETICIA | ZONA: 02 PUESTO: 01 MESA: 017 — | LUGAR: IE MARCELIANO E. CANYES | X 2-21-98-17 X | NIV,True,73,,4,2,,,,6,,,,5,,,,4,17,4,N
001.pdf,60,001,02,02,001,"_ I ENOO O AO VNEENO "" | 710093942010103 Ver: 01 Pag: 1 de 3 | E . E ACTA DE ESCRUTINIO DE LOS m | ¡t= -li| , + JURADOS DE VOTACIÓN I'1""I-EII_ E ELECCIÓN PRESIDENCIA Y SNE | _ |F N- by: VICEPRESIDENCIA DE LA REPÚBLICA , $ E _. MAYO 31 DE 2026 REGISTRADURÍA | DEPARTAMENTO: 60 - AMAZONAS | MUNICIPIO: 001 - LETICIA | ZONA: 02 PUESTO: 02 MESA: 001 - LUGAR: lE NORMAL SUPERIOR M.E.C. f X 7-95-21-10 X l ",True,76,22,2,0,3,,,,,,,40,2,,13,2,60,6,S
002.pdf,60,001,02,02,002,"_ O EO TE ON UOOO - | E - 'i'E'E ACTA DE ESCRUTINIO DE LOS m s .'!|h Mue — JURADOSDE VOTACIÓN * . ¡.|'_.I¡ . ELECCIÓN PRESIDENCIA Y ! "" m ':|Ll:l VICEPRESIDENCIA DE LA REPÚBLICA — | E FIETA MAYO 31 DE 2026 REGISTRADURÍA | DEPARTAMENTO: 60 - AMAZONAS | MUNICIPIO: 001 - LETICIA | ZONA: 02 PUESTO: 02 MESA: 002 ' LUGAR: IE NORMAL SUPERIOR M.E.C. | KX 4-27-55-13 X | NIVELACIÓN DE LA MESA ¡ 220 º 220 | ",True,79,220,9395,1221,,4,,20,,9,,,11,,13,5,1283,7,S
003.pdf,60,001,02,02,003,"_. AEAO N ON N 710093962010103 Ver: 01 Pag: 1 de 3 | E T =-_=H""E ACTA DE ESCRUTINIO DE LOS m — — JURADOS DE VOTACIÓN | A m — DELEGADOS | — r_¡5"".¡i|¡...¡ - ELECCIÓN PRESIDENCIA Y | L H. T- E VICEPRESIDENCIA DE LA REPÚBLICA — | E - rl MAYO 31 DE 2026 REGISTRADURÍA | DEPARTAMENTO: 60 - AMAZONAS | MUNICIPIO: 001 - LETICIA | ZONA: 02 PUESTO: 02 MESA: 003 - LUGAR: IÉ NORMAL SUPERIOR M.E.C. | X 4-03-68-",True,86,,22,,5,1,,,,,9,1,14,112,,22,164,7,S
004.pdf,60,001,02,02,004,"— TA OOOOO - 710093972010103 Ver: 01 Pag: 1 de 3 | E r E ACTA DE ESCRUTINIO DE LOS m ] 3* =3 — JURADOS DE VOTACIÓN | - "" "" "" — DnB DFLEGADOS _—_— IH."" : ELECCIÓN PRESIDENCIA Y | “ YICEPRESIDENCIA DE LA REPUBLICA — | E - =a | E ! , . MAYO 31 DE 2026 REGISTRADURÍA —| DEPARTAMENTO: 60 - AMAZONAS ! MUNICIPIO: 001 - LETICIA | ZONA: 02 PUESTO: 02 MESA: 004 | LUGAR: ¡E NORMAL SUPERIOR M.E.C. | KX 3-01-13",True,92,164,6,2,,7,5,6,,,,9,,,,0,29,6,S
005.pdf,60,001,02,02,005,"— CO DO - | 710093982010103 Ver: 01 Pag: 1 de 3 | E . , ¡._-: E ACTA DE ESCRUTINIO DE LOS m — aaa — JURADOSDE VOTACIÓN i I "" "" "" N- STeM _ DELEGADOS * EE ELECCIÓN PRESIDENCIA Y * * 1t;.|l:l VICEPRESIDENCIA DE LA REPÚBLICA _. E ea . MAYO 31 DE 2026 REGISTRADURÍA * DEPARTAMENTO: 60 - AMAZONAS : MUNICIPIO: 001 - LETICIA ; ZONA: 02 PUESTO: 02 MESA: 005 i LUGAR: IE NORMAL SUPERIOR M.E.C. ' X 24-79-46-1",True,93,,2,2,,,,,,,19,5,,,,,26,3,S
006.pdf,60,001,02,02,006,"— — IDOOO TRANE — | 710093992010103 Ver: 01 Pag: 1 de 3 [m] ACTA DE ESCRUTINIO DE LOS m — eee - JURADOSDEVOTACIÓN AE * __ DELEGADOS | r N ELECCIÓN PRESIDENCIA Y | el eEL VICEPRESIDENCIA DE LA REPÚBLICA =_ | E -- MAYO 31 DE 2026 REGISTRADURÍA | DEPARTAMENTO: 60 - AMAZONAS | MUNICIPIO: 001 - LETICIA | ZONA: 02 PUESTO: 02 MESA: 006 1. | LUGAR: IE NORMAL SUPERIOR M.E.C, | X 4-71-06-14 X NIVELACIÓN DE ",True,91,116,4,2,3,2,,,,,9,5,,,,,21,5,S
007.pdf,60,001,02,02,007,"| 710094002010103 Ver: 01 Pag: 1 de 3 E [m] ACTA DE ESCRUTINIO DE LOS m — e e, ' JURADOS DE VOTACIÓN GA DELEGADOS | Ta 2 EN r l ELECCIÓN PRESIDENCIA Y | ¡_l¡ Mal:[ VICEPRESIDENCIA DE LA REPÚBLICA — | E “ac — MAYO 31 DE 2026 REGISTRADURÍA —| DEPARTAMENTO: 60 - AMAZONAS | MUNICIPIO: 004 - LETICIA ¡ ZONA: 02 PUESTO: 02 MESA: 007 — | LUGAR: IE NORMAL SUPERIOR M.E.C. | X 8-29-38-19 X | NIVELACIÓN DE LA",True,95,26,6,7,3,24,5,5,,9,,3,8,112,,0,176,10,S
008.pdf,60,001,02,02,008,"— - "" | | ' 710094012010103 Ver: 01 Pag: 1 de 3 | E * "".E ACTA DE ESCRUTINIO DE LOS m f — A 1¡._ _ JURADOS DE VOTACIÓN | ra __ DELEGADOS | = *.:.. _! ELECCIÓN PRESIDENCIA Y - AaE VICEPRESIDENCIA DE LA REPÚBLICA ae * E = MAYO 31 DE 2026 REGISTRADURÍA DEPARTAMENTO: 60 - AMAZONAS | MUNICIPIO: 001 - LETICIA ZONA: 02 PUESTO: 02 MESA: 008 | LUGAR: IE NORMAL SUPERIOR M.E.C. | X 7-32-12-13 X | NIVELACIÓN ",True,88,163,3,2,,,5,,,,19,,,,13,6,45,5,S
009.pdf,60,001,02,02,009,"— TA AEEO INO -  | 710094022010103 Ver: 01 Pag: 1 de 3  | E HR E ACTA DE ESCRUTINIO DE LOS m  — AA JURADOS DE VOTACIÓN  ¡ --— Ma ""  | PE ELECCIÓN PRESIDENCIA Y  : u. - PN VICEPRESIDENCIA DE LA REPÚBLICA —  E a MAYO 31 DE 2026 REGISTRADURÍA  | DEPARTAMENTO: 60 - AMAZONAS  MUNICIPIO: 901 - LETICIA  | ZONA: 02 PUESTO: 02 MESA: 009  LUGAR: IE NORMAL SUPERIOR M.E.C.  X 6-9298-760-10 X  NIVELACIÓN DE LA",True,86,241,2419,2,2,0,9,9,,,,10,41,,,2419,2492,8,S
010.pdf,60,001,02,02,010,_ OOO P O - | 710094032010103 Ver: 01 Pag: 1 de 3 | E o E ACTA DE ESCRUTINIO DE LOS m — r JURADOS DE VOTACIÓN | _'1| : í€3 F ELECCIÓN PRESIDENCIA Y | F; e. VICEPRESIDENCIA DE LA REPÚBLICA — M | E ! MAYO 31 DE 2026 REGISTRADURÍA DEPARTAMENTO: 60 - AMAZONAS | MUNICIPIO: 001 - LETICIA | ZONA: 02 PUESTO: 02 MESA: 010 | LUGAR: IE NORMAL SUPERIOR M.E.C. f X 3-20-47-18 X | NIVELACIÓN DE LA MESA | CANDIDA,True,87,,2,5075,,4,,,,,9,,,12,13,2,5115,6,S
011.pdf,60,001,02,02,011,"— — — IOO T N DDO - | 710094042010103 Ver: 01 Pag: 1 de 3 ? E |'“"" E ACTA DE ESCRUTINIO DE LOS m o N 'l.l-,!.=¡.. - JURADOS DE VOTACIÓN e 2 DELEGADOS . '1:|r""_'l.-¡_r- "" ELECCIÓN PRESÍDENCIA Y — : J 1¡I1 VICEPRESIDENCIA DE LA REPUBLICA , ' E ST MAYO 31 DE 2026 REGISTRADURÍA —| DEPARTAMENTO: 60 - AMAZONAS | MUNICIPIO: 001 - LETICIA | ZONA: 02 PUESTO: 02 MESA: 011 | LUGAR: IE NORMAL SUPERIOR M.E.C. ",True,86,,23,4550,5,7,,,,,,,,12,113,23,4710,6,S
012.pdf,60,001,02,02,012,"— — ONO NNE ANADAMID — | 710094052010103 Ver: 01 Pag: 1 de 3 E "".J — E ACTA DE ESCRUTINIO DE LOS m — o JURADOS DE VOTACIÓN — E '-=: T ELECCIÓN PRESIDENCIA Y | EA -hy VICEPRESIDENCIA DE LA REPÚBLICA — | E.¡. .P MAYO 31 DE 2026 REGISTRADURÍA | DEPARTAMENTO: 60 - AMAZONAS | MUNICIPIO: 0041 - LETICIA | ZONA: 02 PUESTO: 02 MESA: 012 f — | LUGAR: IE NORMAL SUPERIOR M.E.C. | X 3-37-46-11 X NIVELACIÓN DE ",True,85,44,1,2,1,,5,,,,,3,,,,4,15,5,S
013.pdf,60,001,02,02,013,"|  — TEOO OOOE OO - - 710094062010103 Ver: 01 Pag: 1 de 3 | E|!¡¡"" r E| ACTA DE ESCRUTINIO DE LOS m 1 r JURADOS DE VOTACIÓN  | F|:"".l. _ -  ; - "" . ELECCIÓN PRESIDENCIA Y 2-  * I J&' El VICEPRESIDENCIA DE LA REPÚBLICA —  | E a - MAYO 31 DE 2026 REGISTRADURIÍA  i DEPARTAMENTO: 60 - AMAZONAS  ¡ MUNICIPIO: 001 - LETICIA  | ZONA: 02 PUESTO: 02 MESA: 013 | : LUGAR: lE NORMAL SUPERIOR M.E.C.  | X B5-31-",True,83,,5406,2,,39,,5,,,,,4,112,113,,275,6,S
014.pdf,60,001,02,02,014,"_ TOOOOOO ANE NOODOE N  710094072010103 — Ver: 01 Pag: 1 de 3  * E |_-[-'ú-5 :_'|E ACTA DE ESCRUTINIO DE LOS m  — yd y AP JURADOS DE VOTACIÓN  | - ad ELECCIÓN PRESIDENCIA Y  | e De -E - VICEPRESIDENCIA DE LA REPÚBLICA —l  - E ul - ""ALTS MAYO 31 DE 2026 REGISTRADURÍA  DEPARTAMENTO: 60 - AMAZONAS  MUNICIPIO: 001 - LETICIA  | ZONA: 02 PUESTO: 02 MESA: 014  LUGAR: IE NORMAL SUPERIOR M.E.C.  | X 4-16-3",True,86,1752,3,2,,,1,6,,,,0,11,,113,0,133,7,S
015.pdf,60,001,02,02,015,"— CC AVO DT AO - | E -l '-:E|E ACTA DE ESCRUTINIO DE LOS m . '=1""'%—1' m — JURADOS DE VOTACIÓN =55c _ DELEGADOS | EP ELECCIÓN PRESIDENCIA Y | a $n_ll VICEPRESIDENCIA DE LA REPÚBLICA | E ' MAYO 31 DE 2026 REGISTRADURÍA  DEPARTAMENTO: 60 - AMAZONAS | MUNICIPIO: 001 - LETICIA | ZONA: 02 PUESTO: 02 MESA: 015 ' LUGAR: IE NORMAL SUPERIOR M.E.C. | X 6-76-26-15 X NIVELACIÓN DE LA MESA 159 139 | CANDIDATO ",True,83,159,3,8,,14,1,5,,,,1,,4,,3,36,7,S
016.pdf,60,001,02,02,016,"_ CEA TOO IOOOO - | 710094092010103 Ver: 01 Pag: 1 de 3 E| .|_-.:. L E| ACTA DE ESCRUTINIO DE LOS m ""i'l:- re JURADOS DE VOTACIÓN  — EN m DELEGADOS  ! , I:':I.:_ = C ELECCIÓN PRESIDENCIA Y  | = T! VICEPRESIDENCIA DE LA REPÚBLICA — E 5 L r MAYO 31 DE 2026 REGISTRADURÍA — | DEPARTAMENTO: 60 - AMAZONAS  | MUNICIPIO: 001 - LETICIA  | ZONA: 02 PUESTO: 02 MESA: 016  | LUGAR: IE NORMAL SUPERIOR M.E.C.  |",True,89,140,4,2,,,,,,,,10,,12,13,,37,4,S
017.pdf,60,001,02,02,017,— | E 710094102010103 Ver: 01 Pag: 1 de 3 [m]E. E| ACTA DE ESCRUTINIO DE LOS m _.¡¡ R JURADOS DE VOTACIÓN : .L. l] _I | =T e Ta ELECCIÓN PRESIDENCIA Y | ¡_.:¡F - Ie  VICEPRESIDENCIA DE LA REPÚBLICA —  [m] r E MAYO 31 DE 2026 REGISTRADURÍA < | DEPARTAMENTO: 60 - AMAZONAS .. | MUNICIPIO: 001 - LETICIA — | ZONA: 02 PUESTO: 02 MESA: 017  LUGAR: IE NORMAL SUPERIOR M.E.C. | X 3-63-12-18 X NIVELACIÓN DE ,True,79,32,1,1,5,,,,,,,10,,,,1,17,4,S
018.pdf,60,001,02,02,018,"— [ "" [ - 710094112010103 Ver: 01 Pag: 1 de 3 — (m]hA-mrafm) - ACTADEESCRUTINIODE LOS m — r JURADOS DE VOTACIÓN  A DELEGADOS ELECCIÓN PRESIDENCIA Y í VICEPRESIDENCIA DE LA REPUBLICA —l | E rP MAYO 31 DE 2026 REGISTRADURÍA | DEPARTAMENTO: 60 - AMAZONAS | | MUNICIPIO: 004 - LETICIA | ZONA: 02 PUESTO: 02 MESA: 018 | LUGAR: E NORMAL SUPERIOR M.E.C. | X 3-97-78-17 X | NIVELACIÓN DE LA MESA : 1a 149 | C",True,74,,1,2,22,,,6,,,,1,,112,,1,144,6,S
019.pdf,60,001,02,02,019,"— — OIENANIT AMO AMUMBANTO — - 710094122010103 Ver: 01 Pag: 1 de 3 - E í "" E ACTA DE ESCRUTINIO DE LOS m — — | JURADOS DE VOTACIÓN  | 1  — ea DELEGADOS  — £""'.¡. . ELECCIÓN PRESIDENCIA Y  ' J a M VICEPRESIDENCIA DE LA REPÚBLICA E | E E CP Dr MAYO 31 DE 2026 REGISTRADURÍA DEPARTAMENTO: 60 - AMAZONAS  | MUNICIPIO: 001 - LETICIA  | ZONA: 02 PUESTO: 02 MESA: 019  LUGAR: IE NORMAL SUPERIOR M.E.C.  | X ",True,91,12,9412,5,,,,,,,9,,1,12,13,,40,5,S
020.pdf,60,001,02,02,020,"— — ONO DMAANEA — | 710094132010103 Ver: 01 Pag: 1 de 3 E A E ACTA DE ESCRUTINIO DE LOS m — = 2 KP JURADOS DE VOTACIÓN Ae ""*i5' TI | - , ELECCIÓN PRESIDENCIA Y e VICEPRESIDENCIA DE LA REPUBLICA a , E ; $ MAYO 31 DE 2026 REGISTRADURÍA DEPARTAMENTO: 60 - AMAZONAS | MUNICIPIO: 001 - LETICIA | ZONA: 02 PUESTO: 02 MESA: 0920 | LUGAR: IE NORMAL SUPERIOR M.E.C. 7 X 5-03-33-14 X NIVELACIÓN DE LA MESA CAND",True,90,,1,2,,,4,5,,,2,19,,2,,1,35,7,S
021.pdf,60,001,02,02,021,"- UOOO - | 710094142010103 Ver: 0* Pag: 1 de 3 E'*—' d E| ACTA DE ESCRUTINIO DE LOS m  — XD ""£ - — JURADOSDEVOTACIÓN  ' l ""'"" » ELECCIÓN PRESIDENCIA Y  | - VICEPRESIDENCIA DE LA REPUBLICA Ea  | E a 7 n H MAYO 31 DE 2026 REGISTRADURIA | DEPARTAMENTO: 60 - AMAZONAS  | MUNICIPIO: 001 - LETICIA  | ZONA: 02 PUESTO: 02 MESA: 021  | LUGAR: IE NORMAL SUPERIOR M.E.C.  - X 4-37-38-17 X  | NIVELACIÓN DE LA M",True,93,,7,2,,4,,,,,9,1,,,,35,51,5,S
022.pdf,60,001,02,02,022,— CN OLOENIOT DTTO AEOOO - 710094152010103 Ver: 01 Pag: 1 de 3 I E E ACTA DE ESCRUTINIO DE LOS m | T JURADOS DE VOTACIÓN | _ ELECCIÓN PRESIDENCIA Y * 5 VICEPRESIDENCIA DE LA REPÚBLICA — | E . MAYO 31 DE 2026 REGISTRADURÍA — | DEPARTAMENTO: 60 - AMAZONAS | MUNICIPIO: 001 - LETICIA | ZONA: 02 PUESTO: 02 MESA: 022 | LUGAR: IE NORMAL SUPERIOR M.E.C. ' X 5-98-02-10 X | NIVELACIÓN DE LA MESA ¡ P G | CAN,True,86,,9415,7,,4,,6,,,,1,,112,113,,243,6,S
023.pdf,60,001,02,02,023,"— — — AMBETANENAOTNATIANO — 710094162010103 Ver: 01 Pag: 1 de 3 : E m E ACTA DE ESCRUTINIO DE LOS m | r E JURADOS DE VOTACIÓN | EE , .:,. DELEGAROS | - E y ELECCIÓN PRESIDENCIA Y | al - VICEPRESIDENCIA DE LA REPÚBLICA = | E a 4 r MAYO 31 DE 2026 REGISTRADURÍA — | DEPARTAMENTO: 60 - AMAZONAS f MUNICIPIO: 001 - LETICIA | ZONA: 02 PUESTO: 02 MESA: 023 | LUGAR: IE NORMAL SUPERIOR M.E.C. | X 2-07-85-18",True,93,,1,7,3,7,,,,,9,10,,,13,5,54,7,S
024.pdf,60,001,02,02,024,— OO ENAU AUDO - 710094172010103 Ver: 01 Pag: 1 de 3 E| EP '-.E ACTA DE ESCRUTINIO DE LOS m — re JURADOS DE VOTACIÓN | = k ¡I$_-F:I-.lll ELECCIÓN PRESIDENCIA Y | p bb VICEPRESIDENCIA DE LA REPÚBLICA — | E P MAYO 31 DE 2026 REGISTRADURÍA — | DEPARTAMENTO: 60 - AMAZONAS MUNICIPIO: 001 - LETICIA | ZONA: 02 PUESTO: 02 MESA: 024 LUGAR: IE NORMAL SUPERIOR M.E.C. | X 5-32-36-18 X | NIVELACIÓN DE LA MESA ,True,83,,4,575,,,,,,,9,,,,,4,588,3,S
025.pdf,60,001,02,02,025,"— OO ITMUOIE - 710094182010103 Ver: 01 Pag: 1 de 3 | E' o E ACTA DE ESCRUTINIO DE LOS m | 2P J'¿.'-i' - JURADOS DE VOTACIÓN M C218 _ DELEGADOS — A ELECCIÓN PRESIDENCIA Y : n E VICEPRESIDENCIA DE LA REPUBLICA — , - E [ MAYO 31 DE 2026 REGISTRADURÍA DEPARTAMENTO: 60 - AMAZONAS MUNICIPIO: 001 - LETICIA f | ZONA: 02 PUESTO: 02 MESA: 025 | LUGAR: IE NORMAL SUPERIOR M.E.C. X 7-22-23-18 X f NIVELACIÓN DE",True,85,154,1,2,,,,,,,,2,,12,,23,39,4,S
026.pdf,60,001,02,02,026,R T VA - 710094192010103 Ver: 01 Pag: 1 de 3 E!I' . E ACTA DE ESCRUTINIO DE LOS m 7 '-$¡1-I—— — JURADOS DE VOTACIÓN '=£.I_r'£f£::d' ELECCIÓN PRESIDENCIA Y l]e EC' VICEPRESIDENCIA DE LA REPÚBLICA [ E FA MAYO 31 DE 2026 REGISTRADURÍA DEPARTAMENTO: 69 - AMAZONAS MUNICIPIO: 001 - LETICIA ZONA: 02 PUESTO: 02 MESA: 026 LUGAR: IE NORMAL SUPERIOR M.E.C. X 3-51-923-13 X NIVELACIÓN DE LA MESA . 33 53 | CAND,True,83,33,8,2,,4,5,5,,,,10,,12,,8,46,7,S
027.pdf,60,001,02,02,027,"- TDOOO EE TNAN Y — 710094202010103 Ver: 01 Pag: 1 de 3 E hac E ACTA DE ESCRUTINIO DE LOS m |- ¿-!_'... = JURADOS DE VOTACIÓN Pc — DELEGADOS .I-ñ -j¡r. — * d ELECCIÓN PRESIDENCIA Y — E a E = VICEPRESIDENCIA DE EA REPUBLICA — Ta| , | E — MAYO 31 DE 2026 REGISTRADURÍA DEPARTAMENTO: 60 - AMAZONAS MUNICIPIO: 001 - LETICIA ZONA: 02 PUESTO: 02 MESA: 027 LUGAR: lE NORMAL SUPERIOR M.E.C. X 7-06-43-10 X NI",True,83,28,2,2,3,,,6,,,,,,,13,2,26,5,S
028.pdf,60,001,02,02,028,- TEO POOO - | EF.' E| ACTA DE ESCRUTINIO DE LOS m . JURADOS DE VOTACION | ELECCIÓN PRESIDENCIA Y * VICEPRESIDENCIA DE LA REPÚBLICA E E L q ENF MAYO 31 DE 2026 REGISTRADURÍA | DEPARTAMENTO: 60 - AMAZONAS MUNICIPIO; 001 - LETICIA ZONA: 02 PUESTO: 02 MESA: 028 LUGAR: IE NORMAL SUPERIOR M.E.C. | X 4-16-99-10 X | NIVELACIÓN DE LA MESA 11a LLA j CANDIDATO AGRUPACIÓN VOTACIÓN p - M 3 HIST RICO 1 ¡ e + -,True,73,11,4,2,,,,6,,,9,3,,,13,,33,5,S
029.pdf,60,001,02,02,029,"_ A INE NE ENEO TUNEN - | E'."" A E ACTA DE ESCRUTINIO DE LOS m — ae — JURADOSDEVOTACIÓN . | i|5:1'.i':""l ELECCIÓN PRESIDENCIA Y , .¡|'!I¡""¡ =. VICEPRESIDENCIA DE LA REPÚBLICA — E - - MAYO 31 DE 2026 REGISTRADURÍA | DEPARTAMENTO: 60 - AMAZONAS | MUNICIPIO: 001 - LETICIA | ZONA: 02 PUESTO: 02 MESA: 029 | LUGAR: IE NORMAL SUPERIOR M.E.C. | X 3-25-79-14 X | NIVELACIÓN DE LA MESA .15 ' 15 -.F | CANDIDA",True,83,15,1,2,3,4,,6,,,,3,,,13,1,32,7,S
001.pdf,60,001,02,03,001,"— — ANOOO NTDENTOTO — | 710094232010103 Ver: 01 Pag: 1 de 3 | E-:' :E ACTA DE ESCRUTINIO DE LOS m — peedobe: — JURADOSDEVOTACIÓN | a 'LE — . A en ELECCIÓN PRESIDENCIA Y -_'-i!|l:l E VICEPRESIDENCIA DE LA REPÚBLICA ""- E 1el gl MAYO 31 DE 2026 REGISTRADURÍA DEPARTAMENTO: 60 - AMAZONAS i MUNICIPIO: 001 - LETICIA | ZONA: 02 PUESTO: 03 MESA: 001 .. | LUGAR: IE SAGRADO CORAZON DE JESUS ? X 2-49-68-11 X ",True,88,222,2,2,,4,,,,,,5,,,13,,24,4,S
002.pdf,60,001,02,03,002,_ O EEOOO - | 710094242010103 Ver: 01 Pag: 1 de 3 E| - E| ACTA DE ESCRUTINIO DE LOS m ¡ a — JURADOSDEVOTACIÓN f £F “E DELEGADOS º ELECCIÓN PRESIDENCIA Y ' VICEPRESIDENCIA DE LA REPÚBLICA === E D MAYO 31 DE 2026 REGISTRADURÍA — | DEPARTAMENTO: 60 - AMAZONAS | MUNICIPIO: 001 - LETICIA | ZONA: 02 PUESTO: 03 MESA: 002 | LUGAR: IE SAGRADO CORAZON DE JESUS | X 8-88-560-17 X NIVELACIÓN DE LA MESA í 242 ?,True,89,242,9424,1,,4,5,5,,,9,9,,112,13,,158,8,S
003.pdf,60,001,02,03,003,"_ AE DO MEO - 710094252010103 Ver: 01 Pag: 1 de 3 | E| - -'.;E ACTA DE ESCRUTINIO DE LOS m  | ' .:¡' rr r JURADOS DE VOTACION  | |_ = . ELECCION PRESIDENCIA Y  | ..-::l » VICEPRESIDENCIA DE LA REPÚBLICA ""  ; E a MAYO 31 DE 2026 REGISTRADURÍA | | DEPARTAMENTO: 60 - AMAZONAS  : MUNICIPIO: 001 - LETICIA  | ZONA: 02 PUESTO: 03 MESA: 003  | LUGAR: IE SAGRADO CORAZON DE JESUS  - X 7-76-61-12 X  | NIVELA",True,84,201,2,12,3,,,,,,,10,,,13,3,41,5,S
004.pdf,60,001,02,03,004,M 111) DTTO - 710094262010103 Ver: 01 Pag: 1 de 3 | E ss ¡ E ACTA DE ESCRUTINIO DE LOS m E T NE A: 20 JURADOS DE VOTACIÓN | Ad PEj e e ELECCIÓN PRESIDENCIA Y | -E VICEPRESIDENCIA DE LA REPÚBLICA r E .U _ hT MAYO 31 DE 2026 REGISTRADURÍA | DEPARTAMENTO: 60 - AMAZONAS | MUNICIPIO: 001 - LETICIA ' ZONA: 02 PUESTO: 03 MESA: 004 | LUGAR: IE SAGRADO CORAZON DE JESUS | X 4-20-34-19 X | NIVELACIÓN DE LA M,True,85,,4,2,3,,,,,0,,9,11,12,13,,50,7,S
005.pdf,60,001,02,03,005,_ TDT - | 710094272010103 Ver: 01 Pag: * de 3 ' E - E ACTA DE ESCRUTINIO DE LOS m — —| JURADOS DE VOTACIÓN  | P ELECCIÓN PRESIDENCIA Y  * VICEPRESIDENCIA DE LA REPÚBLICA i  | E a MAYO 31 DE 2026 REGISTRADURÍA DEPARTAMENTO: 60 - AMAZONAS  ; MUNICIPIO: 001 - LETICIA  | ZONA: 02 PUESTO: 03 MESA: 005  | LUGAR: IE SAGRADO CORAZON DE JESUS  X 2-98-03-10 X  NIVELACIÓN DE LA MESA  º 2 08  | CANDIDATO AGRU,True,87,,2,7,,,,6,,,,,,12,113,4,142,5,S
006.pdf,60,001,02,03,006,| — — — AQONANMN DTT — 710094282010103 Ver: 01 Pag: 1 de 3 | E El E| ACTA DE ESCRUTINIO DE LOS m — en s - JURADOSDEVOTACIÓN ¡ l ; a | E _fu' de ELECCIÓN PRESIDENCIA Y | . a= VICEPRESIDENCIA DE LA REPÚBLICA m | E P . MAYO 31 DE 2026 REGISTRADURÍA | DEPARTAMENTO: 60 - AMAZONAS | MUNICIPIO: 001 - LETICIA | ZONA: 02 PUESTO: 03 MESA: 006 | LUGAR: IE SAGRADO CORAZON DE JESUS X 5-41-60-10 X | NIVELACIÓN ,True,78,18,9,2,5,7,,,,,,,,12,,,26,4,S
007.pdf,60,001,02,03,007,"| _ AO OUIOODMUADOENDUANED — | 710094292010103 Ver: 01 Pag: 1 de 3 £ EI-.- - =E ACTA DE ESCRUTINIO DE LOS m T :|-.."".A =. JURADOS DE VOTACIÓN B- DELEGADOS | r 1 ELECCIÓN PRESIDENCIA Y $ NE a AL-1 % VICEPRESIDENCIA DE LA REPÚBLICA p | E M e MAYO 31 DE 2026 REGIS;¿H&¡%K& —| DEPARTAMENTO: 60 - AMAZONAS MUNICIPIO: 001 - LETICIA | ZONA: 02 PUESTO: 03 MESA: 907 — | LUGAR: IE SAGRADO CORAZON DE JESUS | X",True,84,1338,4,2,,,,6,,,2,110,,12,,4,136,6,S
008.pdf,60,001,02,03,008,"— TNANOOO NAN DO - 710094302010103 Ver: 01 Pag: 1 de 3 E|5—'l"" E ACTA DE ESCRUTINIO DE LOS m . - ] JURADOS DE VOTACIÓN ¡ ELECCIÓN PRESIDENCIA Y | VICEPRESIDENCIA DE LA REPÚBLICA — | E - MAYO 31 DE 2026 REGISTRADURÍA | DEPARTAMENTO: 60 - AMAZONAS ¿ MUNICIPIO: 001 - LETICIA | ZONA;: 02 PUESTO: 03 MESA: 008 | LUGAR: IE SAGRADO CORAZON DE JESUS | X 24-18-98-16 X NIVELACIÓN DE LA MESA EE e 40 ? CANDIDA",True,82,40,9430,12,5,,,,,,,3,,,,,20,3,S
009.pdf,60,001,02,03,009,"_ EV DOOOO AO DY - | 710094312010103 Ver: 01 Pag: 1 de 3 E ']' J E| ACTA DE ESCRUTINIO DE LOS m ¡ A JURADOS DE VOTACIÓN TE DELEGADOS  | + _á - ELECCIÓN PRESIDENCIA Y  ! N = E _-' VICEPRESIDENCIA DE LA REPUBLICA º' ,  | E 3 hr — i MAYO 31 DE 2026 REGISTRADURÍA — | DEPARTAMENTO: 60 - AMAZONAS  5 MUNICIPIO: 001 - LETICIA  | ZONA: 02 PUESTO: 03 MESA: 009  ¡ LUGAR: IE SAGRADO CORAZON DE JESUS  | X 3-75",True,88,,9431,2,,,4,6,,5,19,,,112,,,148,6,S
010.pdf,60,001,02,03,010,"Ms| 0|1) 1117015 | 710094322010103 Ver: 01 Pag: 1 de 3 | EF_3'.£I""'¡E ACTA DE ESCRUTINIO DE LOS m ; . | A JURADOS DE VOTACIÓN N ELECCIÓN PRESIDENCIA Y | £¡€—:£n E7 VICEPRESIDENCIA DE LA REPÚBLICA — | E Dl EE MAYO 31 DE 2026 REGISTRADURÍA DEPARTAMENTO: 60 - AMAZONAS | MUNICIPIO: 001 - LETICIA | ZONA: 02 PUESTO: 03 MESA: 010 | LUGAR: IE SAGRADO CORAZON DE JESUS | X 8-55-84-14 X | NIVELACIÓN DE LA ME",True,84,183,432,2,,,2,6,,,,0,,12,,,22,5,S
011.pdf,60,001,02,03,011,"— — OCE TUNO TOS R | 710094332010103 Ver: 01 Pag: 1 de 3 | E¡! = E ACTA DE ESCRUTINIO DE LOS m | ; '-I'_¡1""' N JURADOS DE VOTACIÓN | -l:|f$— r ELECCIÓN PRESIDENCIA Y | J » El q VICEPRESIDENCIA DE LA REPUBLICA , y E]| . .|-I:_. X MAYO 3M DE 2026 REGISTRADURÍA DEPARTAMENTO: 60 - AMAZONAS | MUNICIPIO: 001 - LETICIA | ZONA: 02 PUESTO: 03 MESA: 011 | LUGAR: IE SAGRADO CORAZON DE JESUS | X 3-98-98-19 X ",True,88,,1,2,,4,,,,,,3,,112,,,121,4,S
012.pdf,60,001,02,03,012,"— — ARANO TANTANAMNDADO — j 710094342010103 Ver: 01 Pag: 1 de 3 [ “ ' E , E ACTA DE ESCRUTINIO DE LOS m — d JURADOS DE VOTACIÓN — MR DELEGADOS | , T|E.|.. ELECCIÓN PRESIDENCIA Y e d í m Ea VICEPRESIDENCIA DE LA REPUBLICA p | E «[ L MAYO 31 DE 2026 REGISTRADURÍA DEPARTAMENTO: 60 - AMAZONAS l MUNICIPIO: 001 - LETICIA ZONA: 02 PUESTO: 03 MESA: 012 | LUGAR: IE SAGRADO CORAZÓON DE JESUS | | X 7-53-53-1",True,77,143,4,2,5,9,,,,,6,9,,,,4,35,6,S
013.pdf,60,001,02,03,013,"— A O DNOOO - 710094352010103 Ver: 01 Pag: 1 de 3 E "" .- E ACTA DE ESCRUTINIO DE LOS m f ""T ...-|:'_¿ JURADOS DE YOTACIÓN E -lf'.'u "". ELECCIÓN PRESIDENCIA Y | ( VICEPRESIDENCIA DE LA REPÚBLICA | E ""'-'if""""h: "" MAYO 31 DE 2026 REGISTRADURÍA DEPARTAMENTO: 60 - AMAZONAS | MUNICIPIO: 0801 - LETICIA | ZONA: 02 PUESTO: 03 MESA: 013 LUGAR: IE SAGRADO CORAZON DE JESUS | X 7-59-63-16 X ; NIVELACIÓN DE LA ",True,86,195,635,7,,1,4,,,,,40,,1,,3,56,6,S
014.pdf,60,001,02,03,014,"- — — ONO IOOITNTADNE — | 710094362010103 Ver: 01 Pag: 1 de 3 — [m]YAT [m] ACTA DE ESCRUTINIO DE LOS m — — JURADOS DE VOTACIÓN | . ME ELECCIÓN PRESIDENCIA Y Z …= "" E- VICEPRESIDENCIA DE LA REPÚBLICA r l E N MAYO 31 DE 2026 REGISTRADURÍA — | DEPARTAMENTO: 60 - AMAZONAS | MUNICIPIO: 001 - LETICIA | ZONA: 02 PUESTO: 03 MESA: 014 | LUGAR: IE SAGRADO CORAZON DE JESUS | X 7-10-32-12 X | NIVELACIÓN DE LA",True,79,734,7,2,,75,5,5,,,,10,,,,7,104,6,S
015.pdf,60,001,02,03,015,"— — OMIEIONTANTN DNA — 710094372010103 Ver: 01 Pag: 1 de 3 | E E [a] ACTA DE ESCRUTINIO DE LOS m | -|;I ""|i!l-* JURADOS DE VOTACIÓN """" r * T. DELEGADOS . — i ELECCIÓN PRESIDENCIA Y as Xe E VICEPRESIDENCIA DE LA REPÚBLICA — E JA r MAYO 31 DE 2026 REGISTRADURÍA | DEPARTAMENTO: 60 - AMAZONAS * MUNICIPIO: 001 - LETICIA ZONA: 02 PUESTO: 03 MESA: 015 LUGAR: IE SAGRADO CORAZON DE JESUS | X 2-47-31-16 X |",True,86,132,1,201,3,,,,,,9,0,,,,1,214,5,S
016.pdf,60,001,02,03,016,— EOOOO - | 710094382010103 Ver: 01 Pag: 1 de 3 E' ' E| ACTA DE ESCRUTINIO DE LOS m ¡ E m — JURADOSDEVOTACIÓN ! E- '|fll'.H ELECCIÓN PRESIDENCIA Y ' Ty EN =97 VICEPRESIDENCIA DE LA REPÚBLICA — | E!. ll : MAYO 31 DE 2026 REGISTRADURÍA | | DEPARTAMENTO: 60 - AMAZONAS f MUNICIPIO: 001 - LETICIA | ZONA: 02 PUESTO: 03 MESA: 016 - | LUGAR: IE SAGRADO CORAZON DE JESUS ! X 7-30-85-12 X NIVELACIÓN DE LA ME,True,79,138,4,2,,,,6,,,,,,112,,,120,3,S
017.pdf,60,001,02,03,017,"— — OMNOINITANUE ENNO — 710094392010403 — Ver: 01 Pag: 1 de 3 ] E '_¡'h""'l¿'E| ACTA DE ESCRUTINIO DE LOS m — AMO rR — JURADOSDEVOTACIÓN , la . — M DELEGANOS | a r ELECCIÓN PRESIDENCIA Y | [-&. d-H"" VICEPRESIDENCIA DE LA REPÚBLICA e [m]! MAYO 31 DE 2026 REGISTRADURÍA DEPARTAMENTO: 60 - AMAZONAS —| MUNICIPIO: 001 - LETICIA | ZONA: 02 PUESTO: 03 MESA: 017 . | LUGAR: IE SAGRADO CORAZON DE JESUS X 2-77",True,79,142,1,6,,4,,,,,,3,11,,,99,123,5,S
018.pdf,60,001,02,03,018,"— EOOOO - . 710094402010103 Ver: 01 Pag: 1 de 3 |3 o r E ACTA DE ESCRUTINIO DE LOS m =Pj EE JURADOS DE VOTACIÓN _r?¡l|l : ELECCIÓN PRESIDENCIA Y | aal da"" VICEPRESIDENCIA DE LA REPÚBLICA D ¿ E , :l'.|"" . MAYO 31 DE 2026 REGISTRADURÍA | DEPARTAMENTO: 60 - AMAZONAS | MUNICIPIO: 001 - LETICIA f ZONA: 02 PUESTO: 03 MESA: 018 | LUGAR: IE SAGRADO CORAZON DE JESUS [ X 3-00-91-18 X NIVELACIÓN DE LA MESA ¡",True,89,153,4,12,5,4,4,6,,,,,1,,13,4,49,8,S
019.pdf,60,001,02,03,019,— OO 1O DO - | 710094412010103 Ver: 01 Pag: 1 de 3 | E 1 j E ACTA DE ESCRUTINIO DE LOS | '+:.%E':E-E:' JURADOS DE VOTACIÓN | — EUN DELEGADOS ; ! 'li;'-. “ ELECCIÓN PRESIDENCIA Y | ; '-|l] = VICEPRESIDENCIA DE LA REPÚBLICA — : E__ = el MAYO 31 DE 2026 REGISTRADURÍA DEPARTAMENTO: 60 - AMAZONAS MUNICIPIO: 001 - LETICIA | ZONA: 02 PUESTO: 03 MESA: 019 | LUGAR: IE SAGRADO CORAZON DE JESUS | X 7-56-54-1,True,76,,9,12,0,2,,,,,,,,112,,,126,4,S
020.pdf,60,001,02,03,020,"| — T OO ON DNO N | 710094422010103 Ver: 01 Pag: 1 de 3 E "" E ACTA DE ESCRUTINIO DE LOS m | m ja — JURADOSDEVOTACIÓN f í-% ELECCIÓN PRESIDENCIA Y . d VICEPRESIDENCIA DE LA REPÚBLICA s | E uF MAYO 31 DE 2026 REGISTRADURÍA DEPARTAMENTO: 60 - AMAZONAS | MUNICIPIO: 001 - LETICIA ¡ ZONA: 02 PUESTO: 03 MESA: 020 : LUGAR: IE SAGRADO CORAZON DE JESUS X 4-56-31-15 X NIVELACIÓN DE LA MESA º LA 6 1A 6 f CAND",True,76,,4,5,,,,5,,9,9,,,,,6,34,5,S
021.pdf,60,001,02,03,021,— — OO DONTOID ANANO — | 710094432010103 Ver: 01 Pag: 1 de 3 E o E| ACTA DE ESCRUTINIO DE LOS m — en ea - JURADOSDEVOTACIÓN  : de :  E2 0  DELEGADOS - I'::|| - ELECCIÓN ERESIDENCIA Y  | y E* AM e? VICEPRESIDENCIA DE LA REPÚBLICA --  | E ; r MAYO 31 DE 2026 REGISTRADURÍA | DEPARTAMENTO: 60 - AMAZONAS  MUNICIPIO: 001 - LETICIA  ' [-ZONA: 02 PUESTO: 03 MESA: 021  LUGAR: IE SAGRADO CORAZON DE JESUS  X,True,80,,9443,0,3,,5,5,,,9,5,,,,,27,6,S
022.pdf,60,001,02,03,022,"- TEO7 E TOO - | 710094442010103 Ver: 01 Pag: 1 de 3 | E T E| ACTA DE ESCRUTINIO DE LOS m | “'l. :|_: a, JURADOS DE VOTACION | [ ELECCIÓN PRESIDENCIA Y — ! ._l_..¡ n .DJ_ VICEPRESIDENCIA DE LA REPUBLICA — | E:._ De MAYO 31 DE 2026 REGISTRADURÍA — | DEPARTAMENTO: 60 - AMAZONAS  MUNICIPIO: 001 - LETICIA  ZONA: 02 PUESTO: 03 MESA: 022 | LUGAR: IE SAGRADO CORAZON DE JESUS | X 4-73-02-11 X [ | NIVELACI",True,83,122,1,0,,,5,5,,,19,140,,1,,1,171,7,S
023.pdf,60,001,02,03,023,"M )1T N 710094452010t03 Ver: 01 Pag: 1 de 3 E - E ACTA DE ESCRUTINIO DE LOS E -=I'J:!""""'1|'I..:I= - JURADOS DE VOTACIÓN ' r | NE - ELECCIÓN PRESIDENCIA Y | e 't' »P VICEPRESIDENCIA DE LA REPÚBLICA — - ; E « 1! be MAYO 31 DE 2026 REGISTRADURÍA Í DEPARTAMENTO: 60 - AMAZONAS MUNICIPIO: 001 - LETICIA | ZONA: 02 PUESTO: 03 MESA: 023 LUGAR: IE SAGRADO CORAZON DE JESUS | X 2-15-60-14 X NIVELACIÓN DE LA M",True,76,,2,,,7,,,,,9,,,,,2,18,3,S
024.pdf,60,001,02,03,024,"_ COOO DON DNEO - 710094462010103 Ver: 01 Pag: 1 de 3 | E ' ; E ACTA DE ESCRUTINIO DE LOS m | T _,._¿:'£E_ JURADOS DE VOTACIÓN í E 1 u .  Lato. __ DELEGADOS | =., *'1£' ELECCIÓN PRESIDENCIA Y | j_-p. El » VICEPRESIDENCIA DE LA REPÚBLICA Cr | E T ya MAYO 31 DE 2026 REGISTRADURÍA — | DEPARTAMENTO: 60 - AMAZONAS MUNICIPIO: 001 - LETICIA ZONA: 02 PUESTO: 03 MESA: 024 | LUGAR: IE SAGRADO CORAZON DE JES",True,81,,6,2,5,,,6,,,9,10,,112,13,6,163,8,S
001.pdf,60,001,98,01,001,"_ CAAO AVOO ADEN - l 710093292010103 Ver: 01 Pag: 1 de 3 E N "" E ACTA DE ESCRUTINIO DE LOS m É .;|:_|1l' M JURADOS DE VOTACIÓN . ; mc o C DELEGABOS y PP ELECCIÓN PRESIBENCIA Y r EA E P VICEPRESIDENCIA DE LA REPÚBLICA . [1] ?7 MAYO 31 DE 2026 REGISTRADURÍA DEPARTAMENTO: 60 - AMAZONAS | MUNICIPIO: 001 - LETICIA ZONA: 98 PUESTO: 01 MESA: 001 . | LUGAR: CARCEL ? X 3-54-85-11 X | NIVELACIÓN DE LA MESA ",True,85,,5,7,,,,6,,,,3,,12,13,,41,5,S
001.pdf,60,001,99,70,001,"_ OOOO AC UOOO - 710093132010103 Ver: 01 Pag: 1 de 3 | E P ""E ACTA DE ESCRUTINIÓ DE LOS m — º$ === — JURADOSDEVOTACIÓN ' - ""e g'-r. ELECCIÓN PRESIDENCIA Y M | M-RL VICEPRESIDENCIA DE LA REPÚBLICA E | E A MAYO 31 DE 2026 REGISTRADURÍA DEPARTAMENTO: 60 - AMAZONAS - MUNICIPIO: 901 - LETICIA | ZONA;: 939 PUESTO: 70 MESA: 001 Í¿ LUGAR: SANTA SOFÍA | X 6-80-72-14 X * NIVELACIÓN DE LA MESA L VOTANTES FOR",True,79,,2,2,,4,,6,,,,40,,12,13,1,78,7,S
002.pdf,60,001,99,70,002,"_ CCO OCE "" ;| 710093142010103 Ver: 01 Pag: 1 de 3 | [m] p [m] - ACTADE ESCRUTINIO DE LOS m | WhEequ="" - JURADOSDE VOTACIÓN ' ._F_"".|""1 7 m _ ' . * ME l — FR ELECCIÓN PRESIDENCIA Y — P ye 9y VICEPRESIDENCIA DE LA REPÚBLICA = | E Cr - MAYO 31 DE 2026 REGISTRADURÍA —| DEPARTAMENTO: 60 - AMAZONAS | MUNICIPIO: 001 - LETICIA | ZONA: 99 PUESTO: 70 MESA: 002 .. | LUGAR: SANTA SOFIA f X 4-46-31-15 X NIVEL",True,79,,9314,2,3,4,,,,,27,9,,,13,,58,6,S
003.pdf,60,001,99,70,003,""" OMNNI ANEN ON NENO - I 710093152010103 Ver: 01 Pag: 1 de 3 — lil fm] - ACTADE ESCRULINIO DE LOS m _ -|:"" q""""=- E JURADOS DE VOTACIÓN — E""_rm'-:.l'£.l5' . ELECCIÓN PRESIDENCIA Y | r ME PL VICEPRESIDENCIA DE LA REPÚBLICA E E] . MAYO 31 DE 2026 REGISTRADURÍA | DEPARTAMENTO: 60 - AMAZONAS MUNICIPIO: 001 - LETICIA | | ZONA: 99 PUESTO: 70 MESA: 003 | LUGAR: SANTA SOFIA | | X 4-09-04-14 X NIVELACIÓN DE",True,73,,9,2,6,4,,5,,,,,,12,13,,42,6,S
004.pdf,60,001,99,70,004,""" AOOA I TNA VUNOO "" E H . E| ACTA DE ESCRUTINIO DE LOS m — - .- F — JURADOS DE VOTACIÓN ! .. - -“¡ :¿||' N | E = ELECCIÓN PRESIDENCIA Y - l , * VICEPRESIDENCIA DE LA REPÚBLICA E | E - Ta A MAYO 31 DE 2026 REGISTRADURIA | DEPARTAMENTO: 60 - AMAZONAS —| MUNICIPIO: 001 - LETICIA ZONA: 99 PUESTO: 70 MESA: 004 LUGAR: SANTA SOFIA | X A-91-44-11 X | NIVELACIÓN DE LA MESA | CANDIDATO AGRUPACIÓN VOTACIÓN ",True,74,,2,2,,1,5,5,,,,,11,12,13,,49,7,S
001.pdf,60,001,99,71,001,- TUOOO TE - | 710093172010103 Ver: 01 Pag: 1 de 3 | E = u.E| ACTA DE ESCRUTINIO DE LOS m — e -  JURADOSDE VOTACIÓN | '.-. a ELECCIÓN PRESIDENCIA Y d— ME ' A -? VICEPRESIDENCIA DE LA REPÚBLICA — | E =1 Y MAYO 31 DE 2026 REGISTRADURÍA | DEPARTAMENTO: 60 - AMAZONAS MUNICIPIO: 001 - LETICIA ZONA: 99 PUESTO: 71 MESA: 001 | LUGAR: SAN MARTIN DE AMACAYACU | X 66e-04-39-12 X NIVELACIÓN DE LA MESA - 260 =,True,81,260,2,2,3,9,,,,9,,,,12,13,2,50,7,S
001.pdf,60,001,99,72,001,"— TTOOO EO NANOO NDEN - | E| *l r E| ACTA DE ESCRUTINIO DE LOS m £ 4""""'|1""i == JURADOSDEVOTACIÓN F __ DELEGADOS ___ ..1E'q ELECCIÓN PRESIDENCIA Y - »= EN M - P VICEPRESIDENCIA DE LA REPÚBLICA E | E EE = MAYO 31 DE 2026 REGISTRADURÍA DEPARTAMENTO: 60 - AMAZONAS | MUNICIPIO: 001 - LETICIA | ZONA: 99 PUESTO: 72 MESA: 001 - | LUGAR: MACEDONIA | X 6-15-66-14 X | NIVELACIÓN DE LA MESA 254 254 | CANDIDAT",True,73,254,5,7,3,,9,9,2026,,,,,12,,7,2073,7,S
002.pdf,60,001,99,72,002,"R CAO R 710093192010103 Ver: 01 Pag: 1 de 3 | E , - E ACTA DE ESCRUTINIO DE LOS m | Ce ia — JURADOSDEVOTACIÓN E DELEGADOS TE U T ELECCIÓN PRESIDENCIA Y m re [4* VICEPRESIDENCIA DE LA REPÚBLICA == E_ -""'l' 1 MAYO 31 DE 2026 REGISTRADURÍA DEPARTAMENTO: 60 - AMAZONAS MUNICIPIO: 001 - LETICIA ZONA: 99 PUESTO: 72 MESA: 002 — | LUGAR: MACEDONIA X 7-31-83-16 X NIVELACIÓN DE LA MESA 1US 1a CANDIDATO AGRUP",True,79,,319,2,,4,,,,10,,5,,2,4,,27,6,S
001.pdf,60,001,99,73,001,"_ U TOOO NOO - | 710093202010103 Ver: 01 Pag: 1 de 3 E ' | E ACTA DE ESCRUTINIO DE LOS m — JURADOS DE VOTACIÓN | |I.'I'-.£ T ELECCIÓN PRESIDENCIA Y - "" El VICEPRESIDENCIA DE LA REPÚBLICA T . E q"" sEl MAYO 31 DE 2026 m;_runá%ní¿… DEPARTAMENTO: 60 - AMAZONAS . MUNICIPIO: 001 - LETICIA ZONA: 99 PUESTO: 73 MESA: 001 LUGAR: NAZARETH | X 5-49-68-12 X , NIVELACIÓN DE LA MESA TOTAL VOTANTES FORMULARIO E-1",True,91,,9320,2,,1,9,,,,,1,,,13,,26,5,S
002.pdf,60,001,99,73,002,"— T OLIO C O AINOE - 710093212010103 Ver: 01 Pag: 1 de 3 E __ E ACTA DE ESCRUTINIO DE LOS m ae JURADOS DE VOTACIÓN B7 DELEGADOS .. a ¡I$u . ELECCIÓN PRESIDENCIA Y | AN= ae VICEPRESIDENCIA DE LA REPÚBLICA — | E £""¡ r MAYO 31 DE 2026 REGISTRADURÍA | DEPARTAMENTO: 60 - AMAZONAS MUNICIPIO: 001 - LETICIA ZONA: 99 PUESTO: 73 MESA: 002 | LUGAR: NAZARETH | X 8-58-50-13 X | NIVELACIÓN DE LA MESA 216 : 276 ",True,84,216,9,,,,,6,,,19,19,,2,13,2,61,6,S
001.pdf,60,001,99,74,001,"_ DAOO ENN - 710093222010103 Ver: 01 Pag: 1 de 3 | E "" .'.'|E ACTA DE ESCRUTINIO DE LOS m PE AA JURADOS DE VOTACIÓN | , M ELECCIÓN PRESIDENCIA Y E | Fe LLT: EP VICEPRESIDENCIA DE LA REPÚBLICA a | E.'i'.¡ =a MAYO 31 DE 2026 REGISTRADURÍA DEPARTAMENTO: 60 - AMAZONAS MUNICIPIO: 001 - LETICIA | ZONA: 99 PUESTO: 74 MESA: 001 | LUGAR: ARARA | X 3-85-460-19 X NIVELACIÓN DE LA MESA 269 26q CANDIDATO AGRUP",True,77,269,2,2,,4,5,5,,,,10,,,13,2,41,7,S
002.pdf,60,001,99,74,002,"— — ME NNNN MOO DNA — | 710093232010103 Ver: 0% Pag: 1 de 3 | E . E ACTA DE ESCRUTINIO DE LOS m — re = JURADOS DE VOTACIÓN | "" T= YE | aE ELECCIÓN PRESIDENCIA Y '- ""a Tr 7 B- VICEPRESIDENCIA DE LA REPUBLICA o , | E k — MAYO 31 DE 2026 REGISTRADURÍA DEPARTAMENTO: 60 - AMAZONAS | MUNICIPIO: 001 - LETICIA | ZONA: 99 PUESTO: 74 MESA: 002 * LUGAR: ARARA | X 3-70-51-10 X | NIVELACIÓN DE LA MESA ; e. CAN",True,91,,1,70,3,7,,,,,,10,1,31,13,1,136,8,S
001.pdf,60,001,99,75,001,"- — OONRNTINNEATAA — 710093242010103 Ver: 01 Pag: 1 de 3 | E o E| ACTA DE ESCRUTINIO DE LOS m | r p JURADOS DE VOTACIÓN o AC200 - DELEGADOS | a -%..'-|E$&;. ELECCIÓN PRESIDENCIA Y = ""C VICEPRESIDENCIA DE LA REPUBLICA = | E E MAYO 31 DE 2026 REGISTRADURÍA | DEPARTAMENTO: 60 - AMAZONAS | MUNICIPIO: 001 - LETICIA | ZONA: 99 PUESTO: 75 MESA: 001 LUGAR: SAN JOSE KM 6 | X 8-38-66-13 X | NIVELACIÓN DE LA",True,89,248,7,2,,,,,,,,,,,,4,6,2,S
002.pdf,60,001,99,75,002,_ DOO NO IOO - ' 710093252010103 Ver: 01 Pag: 1 de 3 | E|l! - E| ACTA DE ESCRUTINIO DE LOS m — — :-.._¡._ JURADOS DE VOTACIÓN | ME ELECCIÓN PRESIDENCIA Y | - '5 =r VICEPRESIDENCIA DE LA REPÚBLICA — O | E . El y MAYO 31 DE 2026 REGISTRADURÍA f DEPARTAMENTO: 60 - AMAZONAS | MUNICIPIO: 001 - LETICIA | ZONA: 99 PUESTO: 75 MESA: 002 | LUGAR: SAN JOSE KM 6 | X 2-96-43-10 X | NIVELACIÓN DE LA MESA + 6 % ,True,89,,3,2,0,7,,,,,,4,5,,,0,18,6,S
003.pdf,60,001,99,75,003,"| _ CAO IIO AV ONPO - | 710093262010103 Ver: 01 Pag: 1 de 3 | E ra L"";E ACTA DE ESCRUTINIO DE LOS m ¡ - ""+ ¡ — JURADOS DE VOTACIÓN | -E ELECCIÓN PRESIDENCIA Y A ¿ S UN« EN - la VICEPRESIDENCIA DE LA REPÚBLICA — | E_¡. e. MAYO 31 DE 2026 REGISTRADURÍA . DEPARTAMENTO: 60 - AMAZONAS ' MUNICIPIO: 001 - LETICIA ZONA: 99 PUESTO: 75 MESA: 003 | LUGAR: SAN JOSE KM 6 X 3-64-00-17 X | NIVELACIÓN DE LA MESA ",True,89,,9326,7,,,1,,,,,10,1,,13,,32,5,S
001.pdf,60,001,99,76,001,"- OOOEO A - | 710093272010103 Ver: 01 Pag: 1 de 3 | E| |.| y E ACTA DE ESCRUTINIO DE LOS m — eo G JURADOS DE VOTACIÓN TA DELEGADOS a '&l""$ ELECCIÓN PRESIDENCIA Y | "" y, n_... VICEPRESIDENCIA DE LA REPUBLICA , E_ '|I:' E - MAYO 31 DE 2026 REGISTRADURÍA DEPARTAMENTO: 60 - AMAZONAS MUNICIPIO: 001 - LETICIA — ZONA: 99 PUESTO: 76 MESA: 001 | LUGAR: IE SAN JUAN BOSCO | X 2-22-31-15 X NIVELACIÓN DE LA ME",True,79,196,6,2,3,,,5,,,9,3,,,,,22,5,S
001.pdf,60,001,99,77,001,— — OOONOOO N TDTO — 710093282010103 Ver: 01 Pag: 1 de 3 — [m]eeuafm] - ACTADEESCRUTINIO DELOS m — A JURADOS DE VOTACIÓN EE SFAN _ DELEGADOS f E a yas ELECCIÓN PRESIC.NCIA Y [ N- M VICEPRESIDENCIA DE LA REPÚBLICA — ! E — PECTAL MAYO 31 DE 2026 REGISTRADURÍA | DEPARTAMENTO: 60 - AMAZONAS MUNICIPIO: 001 - LETICIA | ZONA: 99 PUESTO: 77 MESA: 001 ' LUGAR: KILOMETRO 11 - K 24-98-53-12 X NIVELACIÓN DE L,True,93,,3,3505,,,5,6,,,19,10,6,,13,,3564,7,S
001.pdf,60,007,00,00,001,"- AEE TE - 710094522010103 Ver: 01 Pag: 1 de 3 E| — E ACTA DE ESCRUTINIO DE LOS m T A — JURADOS DE VOTACIÓN de - DELEGADOS , a. J?.' y ELECCIÓN PRESIDENCIA Y & T E-l VICEPRESIDENCIA DE LA REPÚBLICA EA E — Tr J MAYO 31 DE 2026 REGISTRADURÍA DEPARTAMENTO: 60 - AMAZONAS MUNICIPIO: 007 - PUERTO NARIÑO 2Z20NA: 00 PUESTO: 00 MESA: 001 - LUGAR: PUESTO CABECERA MUNICIPAL X 6-16-52-17 X NIVELACIÓN DE LA ME",True,83,,7,,,,5,,,,,10,,,12,,27,3,S
002.pdf,60,007,00,00,002,"- COOOOO D DIO Y - 710094532010103 Ver: 01 Pag. 1 de 3 E '-""-""""""E| ACTA DE ESCRUTINIO DE LOS m . ..-__""_ _,|- JURADOS DE VOTACION T5 Ie DELEGADOS . ' mj , ELECCIÓN PRESIDENCIA Y r£5% EE VICEPRESIDENCIA DE LA REPUBLICA c E a MAYO 31 DE 2026 REGISTRADURÍA DEPARTAMENTO: 60 - AMAZONAS MUNICIPIO: 007 - PUERTO NARIÑO | ZONA: 00 PUESTO: 00 MESA: 002 LUGAR: PUESTO CABECERA MUNICIPAL X 683-30-17-10 X NIVEL",True,83,,9453,,3,,4,7,,,0,,,12,12,,38,6,N
003.pdf,60,007,00,00,003,"- AA - 710094542010103 Ver: 01 Pag: 1 de 3 | E - _|=-;.""-|E ACTA DE ESCRUTINIO DE LOS m a + _ JURADOS DE VOTACIÓN e m “ .Ú¿-'l.:-l— ELECCIÓN PRESIDENCIA Y , PRE VICEPRESIDENCIA DE LA REPÚBLICA Ta E ; , MAYO 31 DE 2026 REGISTRADURÍA DEPARTAMENTO: 60 - AMAZONAS MUNICIPIO: 007 - PUERTO NARINO ZONA: 00 PUESTO: 00 MESA: 003 LUGAR: PUESTO CABECERA MUNICIPAL X 3-07-98-12 X NIVELACIÓN DE LA MESA E CANDIDA",True,79,,5,3,,,,6,,,4,10,,,,0,23,5,S
004.pdf,60,007,00,00,004,"- TUO NOTIODED 070V a 710094552010103 Ver: 01 Pag: 1 de 3 E. ' - E ACTA DE ESCRUTINIO DE_ LOS m . a_54_5£ = JURADOS DE VOTACIÓN ECA C _ DELEGADOS "" E """"£E, L ELECCIÓN PRESIDENCIA Y m = VICEPRESIDENCIA DE LA REPÚBLICA r E a7 ' p MAYO 31 DE 2026 REGISTRADURÍA DEPARTAMENTO: 60 - AMAZONAS MUNICIPIO: 007 - PUERTO NARIÑO ZONA: 00 PUESTO: 00 MESA: 004 LUGAR: PUESTO CABECERA MUNICIPAL X €60-24-03-12 X NIV",True,86,204,2,5,,,3,,,,9,10,,12,12,2,53,7,S
005.pdf,60,007,00,00,005,"- DAOO DD DNVZN - 710094562010103 Ver: 01 Pag: 1 de 3 E' I':' E ACTA DE ESCRUTINIO DE LOS $..+"" JURADOS DE VOTACIÓN — ='-* "" k -¿=_—.£¿.;,_;._ DELEGADOS . 'I=. "" ELECCIÓN PRESIDENCIA Y % = VICEPRESIDENCIA DE LA REPÚBLICA En E:-:_' — MAYO 31 DE 2026 REGISTRADURÍA DEPARTAMENTO: 60 - AMAZONAS MUNICIPIO: 007 - PUERTO NARIÑO ZONA: 90 PUESTO: 00 MESA: 005 LUGAR: PUESTO CABECERA MUNICIPAL X 4-58-27-14 X ",True,83,145,9,5,3,4,1,6,,9,9,,,12,12,1,62,10,S
006.pdf,60,007,00,00,006,"- MOOO P ENRENDO - 710094572010103 Ver: 01 Pag: 1 de 3 E , :f-|: E ACTA DE ESCRUTINIO DE LOS m e '.'.E""""' E JURADOS DE VOTACIÓN a l] * [ = N U r ELECCIÓN PRESIDENCIA Y … . =. VICEPRESIDENCIA DE LA REPÚBLICA - [m] r MAYO 31 DE 2026 REGISTRADURÍA DEPARTAMENTO: 60 - AMAZONAS MUNICIPIO: 007 - PUERTO NARIÑO ZONA: 00 PUESTO: 00 MESA: 006 LUGAR: PUESTO CABECERA MUNICIPAL X 7-29-68-17 X NIVELACIÓN DE LA M",True,76,,3,4,3,,1,10,,,,10,,,3,,31,6,S
007.pdf,60,007,00,00,007,- TUOOO 1090 PNE Y - E NE e E ACTA DE ESCRUTINIO DE LOS m IC JURADOS DE VOTACIÓN PA % - e ELECCIÓN PRESIDENCIA Y E E E — - 9 VICEPRESIDENCIA DE LA REPÚBLICA ia [ MAYO 31 DE 2026 REGISTRADURÍA DEPARTAMENTO: 60 - AMAZONAS MUNICIPIO: 007 - PUERTO NARIÑO ZONA: 00 PUESTO: 00 MESA: 007 LUGAR: PUESTO CABECERA MUNICIPAL X B5-70-20-10 X NIVELACIÓN DE LA MESA CANDIDATO AGRUPACIÓN VOTACIÓN H ISTORIÍICO ' ' u,True,72,,7,,,,,6,2026,,,10,7,,3,7,2059,6,S
008.pdf,60,007,00,00,008,"- AUNO ENO - | E "" , E ACTA DE ESCRUTINIO DE LOS m A 5¡¡ - — JURADOSDEVOTACIÓN | s E a — E DELEGADOS , 'EÚ _E ELECCIÓN PRESIDENCIA Y m ñ = s VICEPRESIDENCIA DE LA REPUBLICA a , E T MAYO 31 DE 2026 REGISTRADURÍA DEPARTAMENTO: 60 - AMAZONAS MUNICIPIO: 007 - PUERTO NARIÑO ZONA: 00 PUESTO: 00 MESA: 008 LUGAR: PUESTO CABECERA MUNICIPAL X .3-95-90-13 X NIVELACIÓN DE LA MESA 123% 1 50 CANDIDATO AGRUPACIÓ",True,76,123,5,3,3,1,,7,,,5,10,,12,12,5,58,9,S
009.pdf,60,007,00,00,009,""" TUN TOO DD - 710094602010103 Ver: 01 Pag: 1 de 3 E E C E ACTA DE ESCRUTINIO DE LOS m e U JURADOS DE VOTACIÓN e aA DELEGADOS % ""E - EN =6 ELECCIÓN PRESIDENCIA Y E E - * E- La VICEPRESIDENCIA DE LA REPÚBLICA aaa E_ F- MAYO 31 DE 2026 REGISTRADURÍA DEPARTAMENTO: 60 - AMAZONAS MUNICIPIO: 007 - PUERTO NARINO ZONA: 00 PUESTO: 00 MESA: 009 LUGAR: PUESTO CABECERA MUNICIPAL X 4-22-26-17 X NIVELACIÓN DE L",True,87,,9460,,3,,1,2026,,,,10,,,12,,2052,5,S
010.pdf,60,007,00,00,010,"N Y TNOE UNEO NEN - 710094612010103 Ver: 01 Pag: 1 de 3 E N E| ACTA DE ESCRUTINIO DE LOS m aingcEde - gy RADOS DE VOTACIÓN ..'_.I'.::|.""! Í"":I DELEGADOS - , $Eh ELECCIÓN PRESIDENCIA Y % . D VICEPRESIDENCIA DE LA REPÚBLICA oo [O MAYO 31 DE 2026 RECISTRADURÍA DEPARTAMENTO: 60 - AMAZONAS MUNICIPIO: 007 - PUERTO NARINO ZONA: 00 PUESTO: 00 MESA: 010 LUGAR: PUESTO CABECERA MUNICIPAL X 8-52-02-13 X NIVEL",True,78,148,1,,,,,2026,2026,,9,10,,12,12,2,4097,7,S
011.pdf,60,007,00,00,011,"- COOOOO E ANO - 710094622010103 Ver: 01 Pag: 1 de 3 E :_;'.__F' E| ACTA DE ESCRUTINIO DE LOS m arafagg — JURADOSDEVOTACIÓN "" DELEGADOS AnD ""i ELECCIÓN PRESIDENCIA Y ;4 VICEPRESIDENCIA DE LA REPÚBLICA | E r rr E MAYO 31 DE 2026 REGISTRADURÍA DEPARTAMENTO: 60 - AMAZONAS MUNICIPIO: 007 - PUERTO NARINO ZONA: 00 PUESTO: 00 MESA: 011 LUGAR: PUESTO CABECERA MUNICIPAL X 2-54-07-15 X NIVELACIÓN DE LA MESA",True,78,,9462,2,3,,1,6,2026,,,10,7,12,12,,2079,9,S
012.pdf,60,007,00,00,012,"- OOOP DO E Y - 710094632010103 Ver: 01 Pag: 1 de 3 E _Ñ E ACTA DE ESCRUTINIO DE LOS m y + AC JURADOS DE VOTACION "" “ 1'."":'| ""."":. ELECCION PRESII:1EI'».IIE3L.EI¡F""|Ir T. Ed 7 E VICEPRESIDENCIA DE LA REPÚBLICA — []7 r MAYO 31 DE 2026 REGISTRADURÍA DEPARTAMENTO: 60 - AMAZONAS MUNICIPIO: 007 - PUERTO NARIÑO ZONA: 00 PUESTO: 00 MESA: 012 LUGAR: PUESTO CABECERA MUNICIPAL X 7-93-585-17 X NIVELACIÓN DE",True,84,,1,3,3,1,6,6,,,2,10,,12,12,1,56,10,S
001.pdf,60,007,99,20,001,- TO ENEUEO EUEV VA Y D - 710094472010103 Ver: 01 Pag: 1 de 3 E A la _I-:¡.:-¡E ACTA DE ESCRUTINIO DE LOS m PA — JURADOSDE VOTACIÓN 0- DELEGADOS n rr ELECCIÓN PRESIJENCIA Y m 1 ._|!- = VICEPRESIDENCIA DE LA REPÚBLICA Ea E¡ .. r MAYO 31 DE 2026 REGISTRADURÍA DEPARTAMENTO: 60 - AMAZONAS MUNICIPIO: 007 - PUERTO NARIÑO ZONA: 939 PUESTO: 20 MESA;: 001 LUGAR: ATACUARI X 3-56-83-11 X NIVELACIÓN DE LA MES,True,80,13,2,,5,,,2026,,,9,10,,12,12,2,2076,7,S
002.pdf,60,007,99,20,002,"- TEOO 0 TOO - 710094482010103 Ver: 01 Pag: 1 de 3 E| '"" p E ACTA DE ESCRUTINIO DE LOS m M adri JURADOS DE VOTACIÓN en _ DELEGADOS _EEN _ $.¡_ A ELECCIÓN PRESIDENCIA Y m rN r Fa VICEPRESIDENCIA DE LA REPÚBLICA — E En MAYO 31 DE 2026 REGISTRADURÍA DEPARTAMENTO: 60 - AMAZONAS MUNICIPIO: 007 - PUERTO NARIÑO ZONA: 99 PUESTO: 20 MESA: 002 LUGAR: ATACUARI K €3-81-43-11 X NIVELACIÓN DE LA MESA -22 — — n ",True,79,22,9,,3,,5,,,,,4,4,12,12,,40,6,S
001.pdf,60,007,99,21,001,"N AUNO 0D E "" E de ""|E ACTA DE ESCRUTINIO DE LOS m R iguae. — JURADOSDEVOTACIÓN Tr N - DELEGADOS , . _._-.""l ELECCIÓN PRESIDENCIA Y m P B VICEPRESIDENCIA DE LA REPÚBLICA v J ] MAYO 31 DE 2026 RECISTRADURÍA DEPARTAMENTO: 60 - AMAZONAS MUNICIPIO: 007 - PUERTO NARIÑO ZONA: 99 PUESTO: 21 MESA: 001 LUGAR: COMUNIDAD DOCE DE OCTUBRE X 4-45-928-10 X NIVELACIÓN DE LA MESA . 6 € e6 : CANDIDATO AGRUPACIÓN VO",True,78,,9,3,3,,,6,,,9,7,,,,,28,5,S
002.pdf,60,007,99,21,002,"- COO 9 EE - 710094502010103 Ver: 01 Pag: 1 de 3 . ACTA DE ESCRUTINIO DE LOS m ae ; . .-:f|f"" JURADOS DE VOTACIÓN Z N M DELEGADOS N a a , TE 2 _- - T1 "" ELECCIÓN PRES:DENCIA Y m E E VICEPRESIDENCIA DE LA REPÚBLICA AE E_ a MAYO 31 DE 2026 REGISTRADURÍA DEPARTAMENTO: 60 - AMAZONAS MUNICIPIO: 007 - PUERTO NARIÑO ZONA: 99 PUESTO: 21 MESA: 002 LUGAR: COMUNIDAD DOCE DE OCTUBRE X 083-45-71-15 X | NIVELAC",True,80,11,6450,,3,,,7,,,,10,,12,12,,44,5,S
001.pdf,60,007,99,22,001,- AEO VOO - 710094512010103 Ver: 01 Pag: 1 de 3 E F - E ACTA DE ESCRUTINIO DE_ LOS m . :|E' 1* o JURADOS DE VOTACIÓN l -|i.—-l ELECCIÓN PRESIDENCIA Y ZA ra VICEPRESIDENCIA DE LA REPÚBLICA [ A E_ . ra MAYO 31 DE 2026 E—E.&E'J.—:¿%3£'E& DEPARTAMENTO: 60 - AMAZONAS MUNICIPIO: 007 - PUERTO NARIÑO ZONA: 99 PUESTO: 22 MESA: 001 LUGAR: COMUNIDAD DE NARANJALES X 7-98-45-17 X NIVELACIÓN DE LA MESA TOTAL Y ,True,80,,4,,5,4,,6,,,,10,14,12,12,4,67,8,S
